TUpprol,IMpkill
0.1,0.1
0.30000000000000004,0.45000000000000007
0.4,0.275
0.2,0.625
0.25,0.36250000000000004
0.45000000000000007,0.7125
0.35,0.1875
0.15000000000000002,0.5375000000000001
0.17500000000000002,0.31875000000000003
0.375,0.6687500000000001
0.475,0.14375000000000002
0.275,0.49375
0.225,0.23125
0.42500000000000004,0.58125
0.325,0.40625
0.125,0.7562500000000001
0.1375,0.4281250000000001
0.3375,0.7781250000000001
0.4375,0.25312500000000004
0.23750000000000002,0.603125
0.2875,0.16562500000000002
0.48750000000000004,0.515625
0.38750000000000007,0.34062500000000007
0.1875,0.690625
0.1625,0.20937500000000003
0.36250000000000004,0.5593750000000001
0.4625,0.384375
0.2625,0.734375
0.21250000000000002,0.296875
0.4125,0.646875
0.3125,0.12187500000000001
0.1125,0.47187500000000004
0.11875000000000001,0.2859375
0.31875,0.6359375
0.41875000000000007,0.11093750000000001
0.21875,0.4609375
0.26875000000000004,0.19843750000000002
0.46875,0.5484375
0.36875,0.3734375
0.16875,0.7234375000000001
0.19375,0.1546875
0.39375000000000004,0.5046875000000001
0.49375,0.3296875
0.29375,0.6796875
0.24375000000000002,0.41718750000000004
0.44375,0.7671875
0.34375,0.24218750000000003
0.14375000000000002,0.5921875000000001
0.13125,0.26406250000000003
0.33125000000000004,0.6140625000000001
0.43125,0.4390625
0.23125,0.7890625
0.28125,0.3515625
0.48125000000000007,0.7015625000000001
0.38125,0.1765625
0.18125000000000002,0.5265625
0.15625,0.39531250000000007
0.35625000000000007,0.7453125
0.45625000000000004,0.22031250000000002
0.25625,0.5703125
0.20625000000000002,0.1328125
0.40625,0.4828125000000001
0.30625,0.30781250000000004
0.10625000000000001,0.6578125
0.109375,0.37890625
0.309375,0.7289062500000001
0.40937500000000004,0.20390625
0.209375,0.55390625
0.259375,0.11640625
0.459375,0.46640625
0.359375,0.29140625000000003
0.15937500000000002,0.6414062500000001
0.184375,0.24765625000000002
0.384375,0.59765625
0.484375,0.42265625000000007
0.28437500000000004,0.77265625
0.234375,0.33515625000000004
0.43437500000000007,0.68515625
0.334375,0.16015625
0.13437500000000002,0.5101562500000001
0.146875,0.18203125000000003
0.34687500000000004,0.5320312500000001
0.446875,0.35703125
0.246875,0.70703125
0.296875,0.44453125000000004
0.49687500000000007,0.79453125
0.396875,0.26953125
0.19687500000000002,0.61953125
0.171875,0.31328125000000007
0.37187500000000007,0.66328125
0.47187500000000004,0.13828125000000002
0.271875,0.48828125
0.22187500000000002,0.22578125000000002
0.421875,0.57578125
0.321875,0.4007812500000001
0.12187500000000001,0.7507812500000001
0.115625,0.19296875000000002
0.31562500000000004,0.54296875
0.415625,0.36796875000000007
0.215625,0.71796875
0.265625,0.28046875000000004
0.46562500000000007,0.63046875
0.365625,0.10546875
0.16562500000000002,0.4554687500000001
0.19062500000000002,0.41171875
0.390625,0.76171875
0.490625,0.23671875
0.290625,0.5867187500000001
0.240625,0.14921875
0.44062500000000004,0.49921875000000004
0.340625,0.32421875
0.140625,0.67421875
0.12812500000000002,0.34609375000000003
0.328125,0.6960937500000001
0.428125,0.17109375000000002
0.22812500000000002,0.52109375
0.278125,0.25859375
0.478125,0.60859375
0.37812500000000004,0.43359375
0.178125,0.7835937500000001
0.153125,0.12734375
0.353125,0.47734375000000007
0.453125,0.30234375
0.25312500000000004,0.65234375
0.203125,0.38984375000000004
0.40312500000000007,0.73984375
0.303125,0.21484375
0.10312500000000001,0.5648437500000001
0.1046875,0.33242187500000003
0.3046875,0.6824218750000001
0.4046875,0.15742187500000002
0.20468750000000002,0.507421875
0.2546875,0.244921875
0.4546875,0.594921875
0.35468750000000004,0.419921875
0.1546875,0.7699218750000001
0.1796875,0.113671875
0.37968750000000007,0.46367187500000007
0.47968750000000004,0.288671875
0.2796875,0.638671875
0.22968750000000002,0.37617187500000004
0.4296875,0.726171875
0.3296875,0.201171875
0.1296875,0.5511718750000001
0.14218750000000002,0.22304687500000003
0.3421875,0.5730468750000001
0.44218750000000007,0.398046875
0.2421875,0.748046875
0.29218750000000004,0.310546875
0.4921875,0.660546875
0.3921875,0.135546875
0.1921875,0.48554687500000004
0.1671875,0.4417968750000001
0.3671875,0.7917968750000001
0.4671875,0.26679687500000004
0.2671875,0.616796875
0.2171875,0.17929687500000002
0.41718750000000004,0.529296875
0.3171875,0.35429687500000007
0.1171875,0.704296875
0.1234375,0.146484375
0.32343750000000004,0.4964843750000001
0.4234375,0.32148437500000004
0.2234375,0.671484375
0.2734375,0.40898437500000007
0.47343750000000007,0.758984375
0.3734375,0.23398437500000002
0.17343750000000002,0.583984375
0.19843750000000002,0.27773437500000003
0.3984375,0.6277343750000001
0.4984375,0.102734375
0.2984375,0.452734375
0.2484375,0.190234375
0.44843750000000004,0.540234375
0.3484375,0.365234375
0.1484375,0.7152343750000001
0.13593750000000002,0.387109375
0.3359375,0.7371093750000001
0.4359375,0.21210937500000002
0.23593750000000002,0.562109375
0.2859375,0.12460937500000001
0.4859375,0.474609375
0.38593750000000004,0.299609375
0.1859375,0.649609375
0.1609375,0.255859375
0.3609375,0.605859375
0.4609375,0.43085937500000004
0.26093750000000004,0.780859375
0.2109375,0.343359375
0.41093750000000007,0.693359375
0.3109375,0.168359375
0.11093750000000001,0.5183593750000001
0.1078125,0.23945312500000002
0.30781250000000004,0.589453125
0.4078125,0.4144531250000001
0.2078125,0.7644531250000001
0.2578125,0.32695312500000007
0.45781250000000007,0.676953125
0.3578125,0.15195312500000002
0.15781250000000002,0.501953125
0.18281250000000002,0.370703125
0.3828125,0.720703125
0.4828125,0.19570312500000003
0.2828125,0.5457031250000001
0.2328125,0.10820312500000001
0.43281250000000004,0.45820312500000004
0.3328125,0.283203125
0.1328125,0.633203125
0.1453125,0.30507812500000003
0.3453125,0.6550781250000001
0.4453125,0.13007812500000002
0.24531250000000002,0.480078125
0.2953125,0.217578125
0.49531250000000004,0.567578125
0.39531250000000007,0.392578125
0.1953125,0.7425781250000001
0.1703125,0.173828125
0.37031250000000004,0.5238281250000001
0.4703125,0.34882812500000004
0.2703125,0.698828125
0.22031250000000002,0.43632812500000007
0.4203125,0.786328125
0.3203125,0.261328125
0.1203125,0.611328125
0.11406250000000001,0.425390625
0.3140625,0.775390625
0.4140625,0.25039062500000003
0.21406250000000002,0.6003906250000001
0.2640625,0.162890625
0.46406250000000004,0.512890625
0.36406250000000007,0.337890625
0.1640625,0.6878906250000001
0.18906250000000002,0.20664062500000002
0.3890625,0.556640625
0.48906250000000007,0.38164062500000007
0.2890625,0.731640625
0.2390625,0.29414062500000004
0.4390625,0.644140625
0.33906250000000004,0.119140625
0.1390625,0.4691406250000001
0.12656250000000002,0.141015625
0.3265625,0.49101562500000007
0.42656250000000007,0.316015625
0.2265625,0.666015625
0.27656250000000004,0.40351562500000004
0.4765625,0.753515625
0.3765625,0.22851562500000003
0.1765625,0.5785156250000001
0.15156250000000002,0.359765625
0.3515625,0.7097656250000001
0.4515625,0.18476562500000002
0.2515625,0.534765625
0.2015625,0.272265625
0.40156250000000004,0.622265625
0.3015625,0.447265625
0.1015625,0.7972656250000001
0.10234375000000001,0.4486328125000001
0.30234375,0.7986328125000001
0.40234375,0.27363281250000004
0.20234375000000002,0.6236328125
0.25234375,0.18613281250000002
0.45234375000000004,0.5361328125
0.35234375000000007,0.36113281250000007
0.15234375,0.7111328125
0.17734375000000002,0.2298828125
0.37734375,0.5798828125000001
0.47734375000000007,0.4048828125
0.27734375,0.7548828125
0.22734375,0.3173828125
0.42734375,0.6673828125
0.32734375000000004,0.1423828125
0.12734375,0.49238281250000004
0.13984375000000002,0.1205078125
0.33984375,0.47050781250000007
0.43984375,0.2955078125
0.23984375000000002,0.6455078125
0.28984375,0.38300781250000004
0.48984375,0.7330078125
0.38984375000000004,0.2080078125
0.18984375,0.5580078125000001
0.16484375,0.33925781250000003
0.36484375,0.6892578125000001
0.46484375,0.16425781250000002
0.26484375000000004,0.5142578125
0.21484375,0.2517578125
0.41484375000000007,0.6017578125
0.31484375,0.4267578125
0.11484375000000001,0.7767578125000001
0.12109375,0.2626953125
0.32109375,0.6126953125
0.42109375000000004,0.43769531250000004
0.22109375,0.7876953125
0.27109375,0.3501953125
0.47109375,0.7001953125
0.37109375,0.17519531250000003
0.17109375,0.5251953125000001
0.19609375,0.3939453125000001
0.39609375,0.7439453125000001
0.49609375,0.21894531250000002
0.29609375000000004,0.5689453125
0.24609375,0.13144531250000002
0.44609375000000007,0.4814453125
0.34609375,0.30644531250000007
0.14609375000000002,0.6564453125
0.13359375,0.28457031250000003
0.33359375,0.6345703125000001
0.43359375,0.1095703125
0.23359375000000002,0.4595703125
0.28359375,0.1970703125
0.48359375000000004,0.5470703125
0.38359375000000007,0.3720703125
0.18359375,0.7220703125000001
0.15859375,0.1533203125
0.35859375000000004,0.5033203125000001
0.45859375,0.32832031250000004
0.25859375,0.6783203125
0.20859375000000002,0.41582031250000007
0.40859375,0.7658203125
0.30859375,0.24082031250000002
0.10859375,0.5908203125
0.11171875,0.1697265625
0.31171875000000004,0.5197265625
0.41171875,0.3447265625
0.21171875,0.6947265625000001
0.26171875,0.4322265625
0.46171875000000007,0.7822265625
0.36171875,0.25722656250000003
0.16171875000000002,0.6072265625000001
0.18671875000000002,0.30097656250000004
0.38671875,0.6509765625
0.48671875,0.1259765625
0.28671875,0.4759765625000001
0.23671875,0.21347656250000002
0.43671875000000004,0.5634765625
0.33671875,0.38847656250000007
0.13671875,0.7384765625
0.14921875,0.3666015625
0.34921875,0.7166015625000001
0.44921875,0.19160156250000002
0.24921875000000002,0.5416015625
0.29921875,0.10410156250000001
0.49921875000000004,0.4541015625
0.39921875000000007,0.2791015625
0.19921875,0.6291015625
0.17421875,0.23535156250000003
0.37421875000000004,0.5853515625000001
0.47421875,0.41035156250000004
0.27421875,0.7603515625
0.22421875000000002,0.3228515625
0.42421875,0.6728515625
0.32421875,0.1478515625
0.12421875,0.49785156250000007
0.11796875000000001,0.35566406250000004
0.31796875,0.7056640625
0.41796875,0.1806640625
0.21796875000000002,0.5306640625000001
0.26796875,0.2681640625
0.46796875000000004,0.6181640625
0.36796875000000007,0.44316406250000007
0.16796875,0.7931640625
0.19296875000000002,0.13691406250000002
0.39296875,0.4869140625
0.49296875000000007,0.31191406250000003
0.29296875,0.6619140625000001
0.24296875,0.3994140625
0.44296875,0.7494140625000001
0.34296875000000004,0.2244140625
0.14296875,0.5744140625
0.13046875000000002,0.20253906250000003
0.33046875,0.5525390625000001
0.43046875000000007,0.3775390625
0.23046875,0.7275390625
0.28046875000000004,0.2900390625
0.48046875,0.6400390625
0.38046875,0.11503906250000001
0.18046875,0.46503906250000004
0.15546875000000002,0.4212890625000001
0.35546875,0.7712890625000001
0.45546875,0.24628906250000002
0.25546875,0.5962890625
0.20546875,0.15878906250000002
0.40546875000000004,0.5087890625
0.30546875,0.33378906250000007
0.10546875,0.6837890625
0.10390625,0.21621093750000003
0.30390625000000004,0.5662109375000001
0.40390625,0.3912109375
0.20390625,0.7412109375
0.25390625,0.3037109375
0.45390625000000007,0.6537109375
0.35390625,0.1287109375
0.15390625000000002,0.47871093750000004
0.17890625000000002,0.4349609375000001
0.37890625,0.7849609375000001
0.47890625,0.25996093750000004
0.27890625,0.6099609375
0.22890625,0.17246093750000002
0.42890625000000004,0.5224609375
0.32890625,0.34746093750000007
0.12890625,0.6974609375
0.14140625,0.32558593750000003
0.34140625,0.6755859375000001
0.44140625,0.15058593750000002
0.24140625000000002,0.5005859375
0.29140625,0.2380859375
0.49140625000000004,0.5880859375
0.39140625000000007,0.4130859375
0.19140625,0.7630859375000001
0.16640625,0.1068359375
0.36640625000000004,0.45683593750000007
0.46640625,0.2818359375
0.26640625,0.6318359375
0.21640625000000002,0.36933593750000004
0.41640625,0.7193359375
0.31640625,0.1943359375
0.11640625,0.5443359375000001
0.12265625000000001,0.40214843750000007
0.32265625,0.7521484375
0.42265625000000007,0.22714843750000002
0.22265625,0.5771484375
0.27265625000000004,0.1396484375
0.47265625,0.4896484375000001
0.37265625,0.31464843750000004
0.17265625,0.6646484375
0.19765625,0.27089843750000003
0.39765625000000004,0.6208984375000001
0.49765625,0.4458984375
0.29765625,0.7958984375
0.24765625000000002,0.3583984375
0.44765625,0.7083984375000001
0.34765625,0.1833984375
0.14765625000000002,0.5333984375
0.13515625,0.1615234375
0.33515625000000004,0.5115234375000001
0.43515625,0.3365234375
0.23515625,0.6865234375
0.28515625,0.42402343750000004
0.48515625000000007,0.7740234375
0.38515625,0.24902343750000003
0.18515625000000002,0.5990234375000001
0.16015625,0.2927734375
0.36015625000000007,0.6427734375
0.46015625000000004,0.11777343750000001
0.26015625,0.4677734375
0.21015625000000002,0.20527343750000002
0.41015625,0.5552734375
0.31015625,0.3802734375
0.11015625000000001,0.7302734375000001
0.10703125000000001,0.3091796875
0.30703125,0.6591796875
0.40703125000000007,0.1341796875
0.20703125,0.48417968750000007
0.25703125000000004,0.2216796875
0.45703125,0.5716796875000001
0.35703125,0.39667968750000004
0.15703125,0.7466796875
0.18203125,0.17792968750000002
0.38203125000000004,0.5279296875
0.48203125,0.3529296875
0.28203125,0.7029296875000001
0.23203125000000002,0.4404296875
0.43203125,0.7904296875000001
0.33203125,0.2654296875
0.13203125000000002,0.6154296875
0.14453125,0.2435546875
0.34453125,0.5935546875000001
0.44453125000000004,0.4185546875
0.24453125,0.7685546875
0.29453125,0.3310546875
0.49453125,0.6810546875
0.39453125,0.1560546875
0.19453125000000002,0.5060546875
0.16953125000000002,0.37480468750000007
0.36953125,0.7248046875
0.46953125000000007,0.19980468750000002
0.26953125,0.5498046875
0.21953125,0.1123046875
0.41953125,0.4623046875000001
0.31953125000000004,0.28730468750000004
0.11953125,0.6373046875
0.11328125,0.1232421875
0.31328125,0.4732421875
0.41328125000000004,0.29824218750000003
0.21328125,0.6482421875000001
0.26328125,0.3857421875
0.46328125,0.7357421875000001
0.36328125,0.2107421875
0.16328125,0.5607421875
0.18828125,0.34199218750000004
0.38828125,0.6919921875
0.48828125,0.1669921875
0.28828125000000004,0.5169921875000001
0.23828125,0.2544921875
0.43828125000000007,0.6044921875
0.33828125,0.42949218750000007
0.13828125000000002,0.7794921875
0.12578125,0.4076171875000001
0.32578125,0.7576171875000001
0.42578125,0.23261718750000002
0.22578125000000002,0.5826171875
0.27578125,0.14511718750000002
0.47578125000000004,0.4951171875
0.37578125000000007,0.32011718750000007
0.17578125,0.6701171875
0.15078125,0.18886718750000003
0.35078125000000004,0.5388671875000001
0.45078125,0.3638671875
0.25078125,0.7138671875
0.20078125000000002,0.2763671875
0.40078125,0.6263671875
0.30078125,0.10136718750000001
0.10078125,0.45136718750000004
0.10117187500000001,0.27568359375
0.301171875,0.62568359375
0.40117187500000007,0.10068359375000001
0.201171875,0.45068359375
0.25117187500000004,0.18818359375000002
0.451171875,0.53818359375
0.351171875,0.36318359375
0.151171875,0.7131835937500001
0.176171875,0.14443359375
0.37617187500000004,0.49443359375000007
0.476171875,0.31943359375
0.276171875,0.66943359375
0.22617187500000002,0.40693359375000004
0.426171875,0.75693359375
0.326171875,0.23193359375000003
0.12617187500000002,0.5819335937500001
0.138671875,0.25380859375000003
0.338671875,0.6038085937500001
0.43867187500000004,0.42880859375
0.238671875,0.77880859375
0.288671875,0.34130859375
0.488671875,0.6913085937500001
0.388671875,0.16630859375
0.18867187500000002,0.51630859375
0.16367187500000002,0.38505859375000007
0.363671875,0.73505859375
0.46367187500000007,0.21005859375000002
0.263671875,0.56005859375
0.213671875,0.12255859375
0.413671875,0.4725585937500001
0.31367187500000004,0.29755859375000004
0.113671875,0.64755859375
0.11992187500000001,0.11162109375000001
0.319921875,0.46162109375000004
0.419921875,0.28662109375
0.21992187500000002,0.63662109375
0.269921875,0.37412109375
0.46992187500000004,0.72412109375
0.36992187500000007,0.19912109375000003
0.169921875,0.5491210937500001
0.19492187500000002,0.33037109375000007
0.394921875,0.68037109375
0.49492187500000007,0.15537109375000002
0.294921875,0.50537109375
0.244921875,0.24287109375000002
0.444921875,0.59287109375
0.34492187500000004,0.4178710937500001
0.144921875,0.7678710937500001
0.13242187500000002,0.43974609375000007
0.332421875,0.78974609375
0.43242187500000007,0.26474609375
0.232421875,0.61474609375
0.28242187500000004,0.17724609375
0.482421875,0.5272460937500001
0.382421875,0.35224609375000004
0.182421875,0.70224609375
0.15742187500000002,0.22099609375
0.357421875,0.57099609375
0.457421875,0.39599609375
0.257421875,0.7459960937500001
0.207421875,0.30849609375000003
0.40742187500000004,0.6584960937500001
0.307421875,0.13349609375000002
0.107421875,0.48349609375
0.110546875,0.20458984375
0.310546875,0.5545898437500001
0.410546875,0.37958984375000004
0.21054687500000002,0.72958984375
0.260546875,0.29208984375
0.460546875,0.64208984375
0.36054687500000004,0.11708984375
0.160546875,0.46708984375000007
0.185546875,0.42333984375
0.38554687500000007,0.7733398437500001
0.48554687500000004,0.24833984375
0.285546875,0.59833984375
0.23554687500000002,0.16083984375000002
0.435546875,0.51083984375
0.335546875,0.33583984375000003
0.135546875,0.6858398437500001
0.14804687500000002,0.35771484375000007
0.348046875,0.70771484375
0.44804687500000007,0.18271484375000002
0.248046875,0.53271484375
0.29804687500000004,0.27021484375000004
0.498046875,0.62021484375
0.398046875,0.4452148437500001
0.198046875,0.7952148437500001
0.173046875,0.13896484375
0.373046875,0.48896484375000004
0.473046875,0.31396484375
0.273046875,0.66396484375
0.223046875,0.40146484375
0.42304687500000004,0.75146484375
0.323046875,0.22646484375
0.123046875,0.5764648437500001
0.11679687500000001,0.36865234375
0.316796875,0.7186523437500001
0.41679687500000007,0.19365234375
0.216796875,0.54365234375
0.26679687500000004,0.10615234375
0.466796875,0.45615234375
0.366796875,0.28115234375000003
0.166796875,0.6311523437500001
0.191796875,0.23740234375000002
0.39179687500000004,0.58740234375
0.491796875,0.41240234375000007
0.291796875,0.76240234375
0.24179687500000002,0.32490234375000004
0.441796875,0.67490234375
0.341796875,0.14990234375
0.14179687500000002,0.4999023437500001
0.129296875,0.17177734375
0.32929687500000004,0.5217773437500001
0.429296875,0.34677734375
0.229296875,0.69677734375
0.279296875,0.43427734375000004
0.47929687500000007,0.78427734375
0.379296875,0.25927734375
0.17929687500000002,0.60927734375
0.154296875,0.30302734375
0.35429687500000007,0.65302734375
0.45429687500000004,0.12802734375000002
0.254296875,0.47802734375
0.20429687500000002,0.21552734375000002
0.404296875,0.56552734375
0.304296875,0.39052734375
0.10429687500000001,0.7405273437500001
0.105859375,0.15810546875
0.30585937500000004,0.5081054687500001
0.405859375,0.33310546875
0.205859375,0.68310546875
0.255859375,0.42060546875000004
0.45585937500000007,0.77060546875
0.355859375,0.24560546875000003
0.15585937500000002,0.5956054687500001
0.18085937500000002,0.28935546875
0.380859375,0.63935546875
0.480859375,0.11435546875000001
0.280859375,0.46435546875
0.230859375,0.20185546875000002
0.43085937500000004,0.55185546875
0.330859375,0.37685546875
0.130859375,0.7268554687500001
0.143359375,0.39873046875000007
0.343359375,0.74873046875
0.443359375,0.22373046875000002
0.24335937500000002,0.57373046875
0.293359375,0.13623046875
0.49335937500000004,0.4862304687500001
0.39335937500000007,0.31123046875000004
0.193359375,0.66123046875
0.168359375,0.26748046875000003
0.36835937500000004,0.6174804687500001
0.468359375,0.44248046875
0.268359375,0.79248046875
0.21835937500000002,0.35498046875
0.418359375,0.7049804687500001
0.318359375,0.17998046875
0.118359375,0.52998046875
0.12460937500000001,0.32216796875000003
0.324609375,0.6721679687500001
0.42460937500000007,0.14716796875000002
0.224609375,0.49716796875
0.27460937500000004,0.23466796875
0.474609375,0.58466796875
0.374609375,0.40966796875
0.174609375,0.7596679687500001
0.199609375,0.10341796875
0.39960937500000004,0.45341796875000007
0.499609375,0.27841796875
0.299609375,0.62841796875
0.24960937500000002,0.36591796875000004
0.449609375,0.71591796875
0.349609375,0.19091796875
0.14960937500000002,0.5409179687500001
0.137109375,0.21279296875000003
0.33710937500000004,0.5627929687500001
0.437109375,0.38779296875
0.237109375,0.73779296875
0.287109375,0.30029296875
0.48710937500000007,0.65029296875
0.387109375,0.12529296875
0.18710937500000002,0.47529296875000004
0.162109375,0.4315429687500001
0.36210937500000007,0.7815429687500001
0.46210937500000004,0.25654296875000004
0.262109375,0.60654296875
0.21210937500000002,0.16904296875000002
0.412109375,0.51904296875
0.312109375,0.34404296875000007
0.11210937500000001,0.69404296875
0.10898437500000001,0.41513671875
0.308984375,0.76513671875
0.40898437500000007,0.24013671875
0.208984375,0.5901367187500001
0.25898437500000004,0.15263671875
0.458984375,0.50263671875
0.358984375,0.32763671875
0.158984375,0.67763671875
0.183984375,0.19638671875000002
0.38398437500000004,0.54638671875
0.483984375,0.37138671875000007
0.283984375,0.72138671875
0.23398437500000002,0.28388671875000004
0.433984375,0.63388671875
0.333984375,0.10888671875
0.13398437500000002,0.4588867187500001
0.146484375,0.13076171875
0.346484375,0.48076171875000007
0.44648437500000004,0.30576171875
0.246484375,0.65576171875
0.296484375,0.39326171875000004
0.496484375,0.74326171875
0.396484375,0.21826171875
0.19648437500000002,0.5682617187500001
0.17148437500000002,0.34951171875000003
0.371484375,0.6995117187500001
0.47148437500000007,0.17451171875000002
0.271484375,0.52451171875
0.221484375,0.26201171875
0.421484375,0.61201171875
0.32148437500000004,0.43701171875
0.121484375,0.7870117187500001
0.115234375,0.25107421875
0.315234375,0.60107421875
0.41523437500000004,0.42607421875000007
0.215234375,0.77607421875
0.265234375,0.33857421875000004
0.465234375,0.68857421875
0.365234375,0.16357421875
0.165234375,0.5135742187500001
0.190234375,0.38232421875
0.390234375,0.7323242187500001
0.490234375,0.20732421875
0.29023437500000004,0.55732421875
0.240234375,0.11982421875
0.44023437500000007,0.46982421875
0.340234375,0.29482421875000003
0.14023437500000002,0.6448242187500001
0.127734375,0.31669921875000007
0.327734375,0.66669921875
0.427734375,0.14169921875000002
0.22773437500000002,0.49169921875
0.277734375,0.22919921875000002
0.47773437500000004,0.57919921875
0.37773437500000007,0.4041992187500001
0.177734375,0.7541992187500001
0.152734375,0.18544921875000003
0.35273437500000004,0.5354492187500001
0.452734375,0.36044921875
0.252734375,0.71044921875
0.20273437500000002,0.44794921875000004
0.402734375,0.79794921875
0.302734375,0.27294921875
0.102734375,0.62294921875
0.101953125,0.27431640625000003
0.30195312500000004,0.6243164062500001
0.401953125,0.44931640625
0.201953125,0.79931640625
0.251953125,0.36181640625
0.45195312500000007,0.7118164062500001
0.351953125,0.18681640625
0.15195312500000002,0.53681640625
0.17695312500000002,0.40556640625000007
0.376953125,0.75556640625
0.476953125,0.23056640625000002
0.276953125,0.58056640625
0.226953125,0.14306640625
0.42695312500000004,0.4930664062500001
0.326953125,0.31806640625000004
0.126953125,0.66806640625
0.139453125,0.29619140625
0.339453125,0.64619140625
0.439453125,0.12119140625000001
0.23945312500000002,0.47119140625
0.289453125,0.20869140625000002
0.48945312500000004,0.55869140625
0.38945312500000007,0.38369140625
0.189453125,0.7336914062500001
0.164453125,0.16494140625
0.36445312500000004,0.5149414062500001
0.464453125,0.33994140625
0.264453125,0.68994140625
0.21445312500000002,0.42744140625000004
0.414453125,0.77744140625
0.314453125,0.25244140625
0.114453125,0.60244140625
0.12070312500000001,0.4383789062500001
0.320703125,0.7883789062500001
0.42070312500000007,0.26337890625000004
0.220703125,0.61337890625
0.27070312500000004,0.17587890625000002
0.470703125,0.52587890625
0.370703125,0.35087890625000007
0.170703125,0.70087890625
0.195703125,0.21962890625000003
0.39570312500000004,0.5696289062500001
0.495703125,0.39462890625
0.295703125,0.74462890625
0.24570312500000002,0.30712890625
0.445703125,0.65712890625
0.345703125,0.13212890625
0.14570312500000002,0.48212890625000004
0.133203125,0.11025390625
0.33320312500000004,0.46025390625000007
0.433203125,0.28525390625
0.233203125,0.63525390625
0.283203125,0.37275390625000004
0.48320312500000007,0.72275390625
0.383203125,0.19775390625
0.18320312500000002,0.5477539062500001
0.158203125,0.32900390625000003
0.35820312500000007,0.6790039062500001
0.45820312500000004,0.15400390625000002
0.258203125,0.50400390625
0.20820312500000002,0.24150390625
0.408203125,0.59150390625
0.308203125,0.41650390625
0.10820312500000001,0.7665039062500001
0.111328125,0.34541015625000004
0.311328125,0.69541015625
0.41132812500000004,0.17041015625
0.211328125,0.5204101562500001
0.261328125,0.25791015625
0.461328125,0.60791015625
0.361328125,0.43291015625000007
0.16132812500000002,0.78291015625
0.186328125,0.12666015625000002
0.386328125,0.47666015625
0.486328125,0.30166015625000003
0.28632812500000004,0.6516601562500001
0.236328125,0.38916015625
0.43632812500000007,0.7391601562500001
0.336328125,0.21416015625
0.13632812500000002,0.56416015625
0.148828125,0.19228515625000003
0.34882812500000004,0.5422851562500001
0.448828125,0.36728515625
0.248828125,0.71728515625
0.298828125,0.27978515625
0.49882812500000007,0.62978515625
0.398828125,0.10478515625000001
0.19882812500000002,0.45478515625000004
0.173828125,0.4110351562500001
0.37382812500000007,0.7610351562500001
0.47382812500000004,0.23603515625000002
0.273828125,0.58603515625
0.22382812500000002,0.14853515625000002
0.423828125,0.49853515625
0.323828125,0.32353515625000007
0.12382812500000001,0.67353515625
0.117578125,0.18134765625000002
0.31757812500000004,0.53134765625
0.417578125,0.35634765625
0.217578125,0.7063476562500001
0.267578125,0.44384765625
0.46757812500000007,0.7938476562500001
0.367578125,0.26884765625
0.16757812500000002,0.61884765625
0.19257812500000002,0.31259765625
0.392578125,0.66259765625
0.492578125,0.13759765625
0.292578125,0.48759765625000007
0.242578125,0.22509765625000003
0.44257812500000004,0.5750976562500001
0.342578125,0.40009765625000004
0.142578125,0.75009765625
0.13007812500000002,0.37822265625000007
0.330078125,0.72822265625
0.430078125,0.20322265625000002
0.23007812500000002,0.55322265625
0.280078125,0.11572265625
0.480078125,0.4657226562500001
0.38007812500000004,0.29072265625000004
0.180078125,0.64072265625
0.155078125,0.24697265625000003
0.355078125,0.5969726562500001
0.455078125,0.42197265625
0.25507812500000004,0.77197265625
0.205078125,0.33447265625
0.40507812500000007,0.6844726562500001
0.305078125,0.15947265625
0.10507812500000001,0.50947265625
0.103515625,0.39189453125000007
0.303515625,0.74189453125
0.40351562500000004,0.21689453125000002
0.203515625,0.56689453125
0.253515625,0.12939453125
0.453515625,0.4793945312500001
0.353515625,0.30439453125000004
0.15351562500000002,0.65439453125
0.178515625,0.26064453125000003
0.378515625,0.6106445312500001
0.478515625,0.43564453125
0.27851562500000004,0.78564453125
0.228515625,0.34814453125
0.42851562500000007,0.6981445312500001
0.328515625,0.17314453125
0.12851562500000002,0.52314453125
0.141015625,0.15126953125
0.34101562500000004,0.5012695312500001
0.441015625,0.32626953125
0.241015625,0.67626953125
0.291015625,0.41376953125000004
0.49101562500000007,0.76376953125
0.391015625,0.23876953125000003
0.19101562500000002,0.5887695312500001
0.166015625,0.28251953125
0.36601562500000007,0.63251953125
0.46601562500000004,0.10751953125000001
0.266015625,0.45751953125
0.21601562500000002,0.19501953125000002
0.416015625,0.54501953125
0.316015625,0.37001953125
0.11601562500000001,0.7200195312500001
0.122265625,0.22783203125
0.322265625,0.57783203125
0.422265625,0.40283203125
0.22226562500000002,0.7528320312500001
0.272265625,0.31533203125000003
0.472265625,0.6653320312500001
0.37226562500000004,0.14033203125000002
0.172265625,0.49033203125
0.197265625,0.44658203125000007
0.39726562500000007,0.79658203125
0.49726562500000004,0.27158203125
0.297265625,0.62158203125
0.24726562500000002,0.18408203125
0.447265625,0.5340820312500001
0.347265625,0.35908203125000004
0.147265625,0.70908203125
0.134765625,0.33720703125000007
0.334765625,0.68720703125
0.43476562500000004,0.16220703125000002
0.234765625,0.51220703125
0.284765625,0.24970703125000002
0.484765625,0.59970703125
0.384765625,0.4247070312500001
0.18476562500000002,0.7747070312500001
0.15976562500000002,0.11845703125000001
0.359765625,0.46845703125000004
0.45976562500000007,0.29345703125
0.259765625,0.64345703125
0.209765625,0.38095703125
0.409765625,0.73095703125
0.30976562500000004,0.20595703125000003
0.109765625,0.5559570312500001
0.106640625,0.13486328125000002
0.306640625,0.48486328125
0.406640625,0.30986328125000007
0.20664062500000002,0.65986328125
0.256640625,0.3973632812500001
0.456640625,0.7473632812500001
0.35664062500000004,0.22236328125000002
0.156640625,0.57236328125
0.181640625,0.35361328125
0.38164062500000007,0.70361328125
0.48164062500000004,0.17861328125000003
0.281640625,0.5286132812500001
0.23164062500000002,0.26611328125
0.431640625,0.61611328125
0.331640625,0.44111328125000004
0.131640625,0.79111328125
0.14414062500000002,0.41923828125000007
0.344140625,0.76923828125
0.44414062500000007,0.24423828125000002
0.244140625,0.59423828125
0.29414062500000004,0.15673828125
0.494140625,0.5067382812500001
0.394140625,0.33173828125000004
0.194140625,0.68173828125
0.169140625,0.20048828125
0.369140625,0.55048828125
0.469140625,0.37548828125
0.269140625,0.7254882812500001
0.219140625,0.28798828125000003
0.41914062500000004,0.6379882812500001
0.319140625,0.11298828125
0.119140625,0.46298828125
0.11289062500000001,0.29892578125
0.312890625,0.64892578125
0.41289062500000007,0.12392578125
0.212890625,0.47392578125000007
0.26289062500000004,0.21142578125
0.462890625,0.5614257812500001
0.362890625,0.38642578125000004
0.162890625,0.73642578125