sample,area (training),area (reconstruction),perimeter (training),perimeter (reconstruction),complexity (training),complexity (reconstruction)
0,763.0,590.0,108.42640602588654,94.42640626430511,1.226127754583892,1.2026106542773731
1,482.5,348.0,85.01219260692596,71.5979791879654,1.1919423573277819,1.172228892822695
2,720.5,509.5,103.49747359752655,84.87005698680878,1.1830841829545624,1.1250062500608733
3,720.5,520.0,107.49747359752655,87.45584344863892,1.2762996966631153,1.1704812404033356
4,413.0,273.0,81.11269772052765,60.28427076339722,1.2677037526675317,1.0593403444709437
5,662.5,452.5,98.32590115070343,82.1837660074234,1.1612884967937642,1.187800844232113
6,477.0,303.5,85.25483345985413,68.66904711723328,1.2125782601591206,1.2363843025280676
7,751.0,591.5,106.42640602588654,93.84061968326569,1.2001872032919787,1.1847238216080742
8,272.0,139.0,65.59797894954681,48.284271001815796,1.2589316447421768,1.3347093207419856
9,155.0,47.0,49.455843448638916,27.656854152679443,1.2557224645900207,1.2950836988727956
10,610.5,439.5,99.15432739257812,79.01219320297241,1.2815271559131376,1.130367053066816
11,492.0,323.0,84.76955199241638,68.28427135944366,1.1622640612256498,1.1487591212343304
12,307.5,169.5,69.3553386926651,51.21320331096649,1.2448149908150474,1.2313579418222174
13,644.0,447.0,102.42640614509583,81.94112503528595,1.2963675105314003,1.1953262521146986
14,724.0,513.0,104.42640590667725,86.6274163722992,1.1985943651770086,1.1640817879019798
15,608.0,437.0,97.5979790687561,78.4264063835144,1.2467179333843676,1.1200394763878592
16,648.0,454.0,100.08326005935669,79.59797978401184,1.2300931977010525,1.1105506582763065
17,723.5,535.0,104.66904652118683,89.94112479686737,1.2050030232367182,1.2032420003670372
18,243.0,109.0,61.11269760131836,40.97056233882904,1.2230572078838688,1.225483555117719
19,265.0,175.5,64.28427064418793,50.870057225227356,1.2409483437599742,1.1733767201447876
20,545.5,376.0,91.49747359752655,75.5979790687561,1.221275335425385,1.2095467607057258
21,719.5,488.5,105.98275518417358,83.69848430156708,1.2423093350953045,1.141197350647693
22,610.5,447.0,96.66904652118683,81.59797954559326,1.218089887551526,1.1853358602524824
23,5.0,182.0,10.828427076339722,52.284270882606506,1.866168626502612,1.1952558008242058
24,387.0,228.5,76.42640590667725,58.72792160511017,1.2010637074363368,1.201138794921031
25,496.0,307.5,87.74011445045471,66.52691113948822,1.2351077665469679,1.145353994773753
26,122.0,57.0,46.14213538169861,29.313708305358887,1.388755153175276,1.1996562038083831
27,192.5,64.5,57.35533893108368,30.727921843528748,1.359900404995415,1.1649218745798444
28,394.0,257.0,75.5979791879654,60.284271121025085,1.1542882828925238,1.125291507672539
29,281.0,174.0,67.11269783973694,50.284270882606506,1.275537439472025,1.1563923294387604
30,571.5,391.0,93.01219236850739,74.76955223083496,1.2046299693298024,1.137792163381067
31,533.0,351.0,95.59797894954681,74.76955270767212,1.3644585552738822,1.2674551041490958
32,698.0,474.5,102.91168737411499,84.87005722522736,1.2074359756413415,1.207988804270709
33,731.5,532.0,105.84061968326569,89.94112479686737,1.2186543789590873,1.2100271996172274
34,350.0,228.0,73.94112491607666,57.11269783973694,1.243066030675229,1.1384675069823018
35,715.0,516.0,104.08326029777527,86.62741684913635,1.2057183466311903,1.1573138832712329
36,541.0,402.0,91.25483334064484,74.91168820858002,1.2249112501772133,1.1108700340998354
37,439.5,276.5,79.84062004089355,65.21320307254791,1.1541946545005521,1.2239567287756665
38,570.5,390.0,95.01219248771667,75.5979790687561,1.2591955118796365,1.166127133398341
39,501.5,360.0,85.0121922492981,73.25483334064484,1.1467840131045068,1.1862062405481286
40,701.0,499.5,103.5979790687561,86.04163002967834,1.2183573427971195,1.1794292717050805
41,166.5,65.0,52.52691102027893,32.97056245803833,1.3186806139853897,1.330851171884306
42,481.0,338.0,86.7695517539978,76.42640602588654,1.2456033496117398,1.3751824148753886
43,532.5,381.5,88.52691113948822,75.49747395515442,1.1711732549555567,1.188941361027599
44,327.0,183.5,71.94112491607666,52.38477611541748,1.2594961148812724,1.1900473776328353
45,212.5,104.0,57.6984840631485,40.28427076339722,1.2466943963003392,1.2417318173581622
46,398.0,220.0,77.94112467765808,56.97056233882904,1.2146199232065986,1.1740010022875569
47,532.5,365.0,91.69848430156708,75.59797871112823,1.256593585009369,1.2459988430752023
48,438.5,273.5,82.18376529216766,62.041629910469055,1.225723768892862,1.119951466575051
49,344.0,194.0,71.11269760131836,51.455843806266785,1.169838743487428,1.0860699934313036
50,457.5,347.0,83.01219308376312,71.59797871112823,1.1986235677459478,1.1756070584111131
51,394.0,263.0,76.28427064418793,60.28427064418793,1.1753410665785948,1.0996194406722792
52,485.5,331.0,85.8406195640564,72.42640614509583,1.207776537895566,1.2611188396968949
53,573.5,414.5,92.66904664039612,77.01219308376312,1.1915879533771914,1.1386351411878086
54,541.0,368.5,89.59797894954681,76.18376541137695,1.1808352191130154,1.2533648525147183
55,397.5,252.0,78.18376576900482,59.11269748210907,1.2237315929184607,1.103446168502276
56,208.5,112.5,56.5269113779068,41.69848430156708,1.2195358998926484,1.2299236475636428
57,369.5,201.0,76.66904652118683,52.28427076339722,1.2659478565955085,1.0822714167066128
58,730.5,541.0,111.49747371673584,92.28427064418793,1.354253511673745,1.2527033511989807
59,644.5,489.5,97.84061932563782,83.69848418235779,1.1819676778876467,1.1388659942868389
60,421.5,258.5,79.0121921300888,62.041629910469055,1.178638923680095,1.1849389791422686
61,582.5,385.5,92.66904664039612,75.84061920642853,1.1731771523808054,1.1873246764442877
62,785.5,583.5,106.6690468788147,94.66904664039612,1.1527118975868733,1.222264738366526
63,697.0,493.0,103.25483310222626,85.4558435678482,1.2172453830942922,1.1787636854827723
64,499.0,335.0,87.25483310222626,72.62741661071777,1.2141394616250836,1.2529868747807997
65,202.0,79.5,55.11269760131836,34.38477599620819,1.1965810051378913,1.1834649662463095
66,128.0,48.0,47.11269783973694,32.14213526248932,1.379927007824063,1.7127672389413748
67,674.0,516.0,99.74011409282684,87.59797871112823,1.174545812314158,1.1833919333733498
68,419.5,236.0,80.18376553058624,59.79898965358734,1.219638332805748,1.205773752081271
69,743.5,574.5,107.01219272613525,92.66904652118683,1.2256760195717618,1.1895138198496653
70,493.5,295.0,89.15432798862457,65.94112610816956,1.281704297795884,1.1729536176297046
71,479.5,296.0,84.18376541137695,67.11269819736481,1.1761378292371354,1.2108987307823509
72,509.0,353.0,88.9116872549057,73.94112491607666,1.2359191380520795,1.2325017301312466
73,350.0,209.5,73.59797871112823,54.041630029678345,1.2315551531696252,1.1093356978076478
74,326.0,191.0,71.59797966480255,52.28427064418793,1.2513363807850904,1.1389348364714813
75,378.0,239.0,86.76955199241638,62.627416372299194,1.5850137948565093,1.3059339926938607
76,729.5,495.0,109.49747347831726,86.62741672992706,1.307895473393234,1.2064120446957496
77,356.5,191.5,73.35533893108368,54.04163086414337,1.2011411835480166,1.2136074980048552
78,767.5,529.0,111.1543276309967,87.59797954559326,1.28104534828295,1.1543104900840624
79,476.0,327.5,86.7695517539978,70.04162991046906,1.2586874184101826,1.1920413462871762
80,625.0,432.5,97.25483322143555,79.01219320297241,1.2042939525111669,1.1486620111511343
81,639.0,452.0,95.25483357906342,80.76955199241638,1.1299606584254496,1.1485424441916834
82,535.0,380.5,89.25483310222626,77.01219260692596,1.1849494901511322,1.2403791331874248
83,225.5,96.5,59.35533833503723,37.899494767189026,1.2432634307065094,1.184485268116943
84,265.0,136.0,64.42640662193298,46.28427040576935,1.2464420174377768,1.2534819137615114
85,232.5,121.0,60.3847758769989,42.14213538169861,1.2480215835504658,1.1679865496600639
86,362.5,221.0,77.35533833503723,56.97056233882904,1.3135986850031443,1.168688780557749
87,401.5,209.0,77.84061920642853,54.62741661071777,1.2009284969443665,1.1362271837121147
88,281.5,169.5,69.84061920642853,53.21320295333862,1.3788845298110395,1.3294108962434732
89,359.5,212.5,74.52691149711609,55.213202714920044,1.2294687339796637,1.1416082036701756
90,606.0,420.0,96.08326005935669,77.25483417510986,1.212308002340304,1.1308165993532457
91,708.5,502.0,105.982754945755,83.11269772052765,1.2615971243182829,1.0950177954529
92,735.0,586.0,107.74011421203613,93.25483334064484,1.2567753675948206,1.1809600884751497
93,671.0,511.0,105.2548326253891,87.59797883033752,1.3138679107119344,1.1949711140560133
94,590.0,433.0,93.25483310222626,77.25483465194702,1.1729535734031131,1.0968659990561411
95,127.0,41.5,48.28427076339722,28.38477599620819,1.4608235728422472,1.5449448527906318
96,184.5,85.0,58.870057225227356,35.313708424568176,1.4947985965661301,1.1675026203016579
97,681.5,495.5,101.01219248771667,86.04163026809692,1.1914391621914882,1.1889504025864377
98,738.5,592.5,104.81118285655975,92.66904640197754,1.1837360687917697,1.1533766881779686
99,159.5,35.0,48.870057344436646,23.656854152679443,1.1915578876066972,1.2724363770478395
100,617.0,433.5,95.74011433124542,79.84062039852142,1.1822051733349945,1.1701696775026078
101,5.0,131.0,8.828427076339722,44.28427076339722,1.2404715256955354,1.1912909300257404
102,234.5,96.0,60.870057225227356,40.97056245803833,1.25734572352934,1.391434461303703
103,346.5,186.5,70.6690468788147,50.870057344436646,1.1469523220609414,1.1041695193059247
104,566.5,411.0,91.8406194448471,76.42640578746796,1.184840335236761,1.1309285969047287
105,543.5,394.5,95.35533809661865,77.35533833503723,1.3313143347680405,1.2070456864731045
106,263.5,129.0,68.18376541137695,44.14213514328003,1.4040141310892689,1.2020072793561762
107,299.0,169.0,69.94112479686737,48.97056269645691,1.3019196215431919,1.1292071515616844
108,602.0,437.0,96.0832599401474,78.42640733718872,1.2203632019854829,1.1200395036274826
109,729.0,542.0,106.42640626430511,89.94112479686737,1.2364068500832357,1.1877019745320387
110,642.0,450.0,96.91168701648712,80.76955223083496,1.1641459064986892,1.1536470840877369
111,311.0,174.0,72.2842708826065,51.79898965358734,1.336956744394965,1.2271099155630136
112,663.0,453.5,102.08326017856598,80.18376588821411,1.2507936576948149,1.128199085283198
113,655.0,460.0,98.9116872549057,79.59797990322113,1.1886227995048737,1.0960652181905117
114,692.5,467.0,100.32590126991272,80.76955235004425,1.1566354473930824,1.1116513691047152
115,364.0,203.5,75.25483286380768,55.21320295333862,1.2381051880093943,1.1920970288698014
116,437.5,282.5,83.49747371673584,65.35533893108368,1.268115322536988,1.2031889266169982
117,584.0,426.5,92.08326077461243,78.1837660074234,1.1554167744829988,1.1405235900394135
118,269.5,155.5,63.35533797740936,46.04163038730621,1.185216777523676,1.0848286114116903
119,6.0,534.0,13.656854152679443,87.59797966480255,2.4736612645399165,1.143502342540156
120,776.5,599.5,108.6690468788147,95.84061992168427,1.2102090374913093,1.219270810633655
121,612.0,453.5,95.94112467765808,82.52691173553467,1.1968737008884822,1.1950994091317755
122,520.5,395.0,87.0121921300888,74.08326041698456,1.157522981837353,1.1056895760832317
123,366.0,211.5,75.94112467765808,54.041630029678345,1.2539005704842299,1.0988455257243603
124,418.0,232.0,79.25483310222626,59.455843806266785,1.195818769269943,1.2125265174416737
125,479.5,354.0,87.0121921300888,72.42640602588654,1.2564978353416938,1.1791817360608594
126,642.0,477.5,98.42640590667725,82.87005698680878,1.2008212417875357,1.144490086099091
127,427.0,284.0,80.7695517539978,66.7695517539978,1.215787310795785,1.2491906279975005
128,721.5,494.0,105.49747371673584,84.2842710018158,1.2275464099066686,1.1443431037119016
129,488.0,341.0,85.5979790687561,74.28427076339722,1.1948058396423145,1.2877438534344927
130,265.5,129.0,63.35533797740936,43.455843806266785,1.2030731508197015,1.1649218741299128
131,276.5,147.0,68.18376553058624,47.455843567848206,1.3380026214671095,1.21913611495745
132,352.0,218.0,73.94112467765808,56.97056210041046,1.2360031475301068,1.184771643768286
133,295.5,178.5,67.35533845424652,50.870057344436646,1.2217341016598264,1.1536561084064705
134,270.0,137.5,70.76955151557922,45.55634891986847,1.4761118224050194,1.2011168484224553
135,705.0,545.5,102.76955199241638,90.18376576900482,1.1921473715218718,1.1864573008025976
136,228.0,120.0,60.28427064418793,42.28427076339722,1.2684206706000414,1.1856775044427221
137,661.5,486.0,101.15432822704315,83.11269772052765,1.2309182988244065,1.1310677640274809
138,666.5,506.0,101.49747335910797,84.28427052497864,1.229986782914382,1.1172045194412306
139,6.5,209.5,19.41421353816986,61.69848430156708,4.614412164907864,1.4459560710738562
140,623.0,443.5,96.91168761253357,80.18376588821411,1.1996495684840505,1.1536376215917254
141,217.5,121.5,57.840620279312134,41.69848442077637,1.2240432350223498,1.138818198699956
142,459.5,264.5,84.18376553058624,62.87005698680878,1.2273299036265588,1.1891925166561115
143,681.0,507.0,100.91168737411499,84.28427064418793,1.1899424572522819,1.1150009633853388
144,612.0,455.5,94.08326041698456,81.35533905029297,1.150968485434314,1.1563089132861677
145,662.5,464.5,99.01219260692596,82.52691185474396,1.177556107629096,1.1667978118558073
146,588.0,426.5,94.42640578746796,77.84062027931213,1.2067011545196202,1.130534126177766
147,565.0,416.0,93.25483310222626,76.42640709877014,1.2248541739961714,1.117335743456855
148,691.0,490.0,101.25483310222626,84.28427124023438,1.1807110097398112,1.1536846865956896
149,640.5,416.0,103.49747359752655,79.4558435678482,1.330854260450839,1.20767059230576
150,554.5,411.0,91.01219236850739,75.59797930717468,1.188742357063375,1.1065440021750748
151,529.5,382.0,91.49747371673584,76.7695517539978,1.2581788427016163,1.2277354125724442
152,633.0,449.5,106.08326029777527,82.52691125869751,1.4147514351761574,1.2057343176378446
153,168.0,56.0,52.284271121025085,32.97056233882904,1.294860462702131,1.5447379561953165
154,233.0,114.0,61.455843687057495,46.627416491508484,1.2899134920240338,1.5176372950406498
155,488.5,335.0,84.66904652118683,71.25483310222626,1.1678173041533182,1.2060740779601105
156,628.5,423.0,103.63960862159729,77.25483417510986,1.3599920902282756,1.1227966234713078
157,661.5,481.0,99.49747323989868,83.11269772052765,1.1909249427331807,1.142825225192008
158,493.5,294.0,86.66904652118683,65.94112479686737,1.2112422644914462,1.1769432089756298
159,784.5,568.0,109.0121922492981,89.94112491607666,1.2054448196962133,1.1333353378570337
160,720.5,522.5,103.01219260692596,86.04163038730621,1.1720156563054096,1.1275118203139254
161,801.5,568.0,108.66904711723328,89.94112491607666,1.172460788191519,1.1333353378570337
162,590.0,433.0,93.740114569664,77.25483465194702,1.1851930177879468,1.0968659990561411
163,526.5,370.0,89.35533845424652,75.5979790687561,1.2067929621241755,1.2291610325009539
164,194.0,57.0,53.79898929595947,29.656854152679443,1.1872348589333657,1.2279069093113384
165,612.0,434.5,94.42640614509583,77.84062039852142,1.1593795493988919,1.1097187716724226
166,274.5,182.5,64.87005698680878,52.041630148887634,1.2199340299656276,1.1809433121113713
167,675.0,467.5,100.08326017856598,81.35533881187439,1.1808894726061279,1.1266282500850926
168,415.5,239.5,79.49747443199158,60.52691149711609,1.2103912382516584,1.2172552203539024
169,400.0,213.0,77.5979790687561,54.627416491508484,1.1979286900615926,1.1148895791521118
170,619.5,413.0,97.154327750206,78.4264065027237,1.212475934518234,1.185126519780772
171,227.0,110.5,63.94112527370453,41.55634880065918,1.4332594988927416,1.2436627414942976
172,719.0,499.5,107.5979790687561,86.04163026809692,1.2813550190514726,1.1794292782414013
173,264.5,136.0,65.35533845424652,46.627416372299194,1.2850694397331592,1.2721371378675284
174,314.5,187.0,69.84061968326569,54.627416372299194,1.2342003193706883,1.2699009589463508
175,281.0,153.0,68.4264065027237,50.627416491508484,1.325962623436389,1.333123048707724
176,725.0,507.0,104.56854104995728,85.25483345985413,1.2002016704776641,1.140828067250297
177,479.0,306.5,85.25483298301697,67.69848477840424,1.2075152894067365,1.189919424308531
178,401.5,234.0,78.66904735565186,59.11269819736481,1.2266265723989505,1.1883266717596384
179,837.5,597.0,113.8406195640564,95.79898965358734,1.231401906444958,1.2233132014144579
180,686.5,464.0,107.49747383594513,82.76955199241638,1.3395104668970421,1.1749337102643245
181,726.0,490.0,102.9116872549057,84.2842710018158,1.1608681942770507,1.1536846800687335
182,130.0,37.5,50.284271121025085,25.071067690849304,1.547786671003122,1.3338424263691329
183,574.5,404.0,93.15432786941528,75.25483334064484,1.2020047288586826,1.1155205300658004
184,680.0,475.0,101.74011421203613,83.1126983165741,1.2113389024721497,1.1572609288457623
185,268.5,144.0,66.04163002967834,46.627416372299194,1.292651378833964,1.2014628524304434
186,684.0,522.0,105.25483322143555,87.59797942638397,1.2888967515680918,1.1697897463457751
187,741.5,528.0,106.66904711723328,88.76955246925354,1.2211128787621022,1.1876385176092388
188,804.0,588.0,111.25483310222626,94.42640602588654,1.2251009040876195,1.206701160613254
189,664.5,458.0,98.32590126991272,80.76955258846283,1.1577932746296182,1.1334960533553333
190,685.0,501.0,101.74011409282684,84.28427052497864,1.2024970098551422,1.1283542651442369
191,329.5,175.5,70.52691102027893,50.72792196273804,1.201280542110817,1.1668288520684194
192,705.0,502.0,106.42640614509583,86.28427124023438,1.2784972931794003,1.1801839105650087
193,505.0,343.5,87.25483322143555,71.35533857345581,1.1997140455571895,1.1795499510145693
194,257.0,145.0,64.42640590667725,44.28427076339722,1.28524174041609,1.0762697367818759
195,252.0,135.0,62.76955258846283,46.62741661071777,1.24419273568923,1.2815603890317355
196,6.0,467.0,13.656854152679443,84.91168797016144,2.4736612645399165,1.2285934740433753
197,198.5,70.5,79.35533821582794,34.38477611541748,2.524538038465335,1.3345456094887276
198,274.0,175.0,67.94112479686737,50.62741684913635,1.3406179753793466,1.1655304533366022
199,560.5,359.0,97.01219248771667,73.94112491607666,1.3361867432477321,1.2119028154215323
200,344.5,182.0,74.87005710601807,54.14213538169861,1.2948433732414684,1.2817092214990466
201,282.0,156.0,69.59797942638397,48.28427076339722,1.3668922788053217,1.1892602163523425
202,604.5,422.0,99.01219248771667,77.25483357906342,1.290539155377573,1.1254572616106182
203,351.0,189.5,71.25483334064484,50.870057463645935,1.1510963499157747,1.0866892681567268
204,553.5,364.0,92.66904735565186,74.76955163478851,1.2346444477162382,1.22218881535461
205,511.5,360.0,86.66904664039612,73.25483286380768,1.1686179064924314,1.1862062251054013
206,725.0,534.5,104.42640590667725,89.35533833503723,1.196941131569868,1.1887305759832782
207,466.0,307.5,84.4264063835144,68.18376541137695,1.2171968704428522,1.2031145481041376
208,5.0,371.5,8.828427076339722,75.69848430156708,1.2404715256955354,1.227455299927828
209,681.0,466.0,100.42640602588654,81.94112551212311,1.1785251792669318,1.1465897873688058
210,746.0,558.5,106.42640602588654,90.52691102027893,1.208231353448091,1.1676760204860994
211,443.0,291.5,82.08326053619385,65.01219356060028,1.2103071761963433,1.153828378618396
212,661.0,483.5,100.91168737411499,82.5269113779068,1.2259467676078726,1.1209463854063566
213,688.0,491.0,111.74011445045471,89.2548336982727,1.4441753284178576,1.2911364270833052
214,252.0,145.0,61.11269760131836,44.28427076339722,1.1793765933165878,1.0762697367818759
215,735.5,514.0,103.84061968326569,84.2842708826065,1.1666538035210796,1.0998161315847768
216,363.5,236.0,74.18376529216766,57.94112503528595,1.2047681181107004,1.1320144750029346
217,511.0,347.5,94.42640626430511,73.69848418235779,1.3885328493613507,1.2438053999677463
218,566.0,380.0,94.08326017856598,76.42640578746796,1.2445100874836825,1.2231885613890618
219,588.0,420.0,93.5979791879654,77.25483345985413,1.1856206489795134,1.1308165784141533
220,592.5,435.5,96.81118202209473,79.0121922492981,1.258788674060428,1.1407492717112249
221,267.0,141.0,63.11269772052765,45.455843448638916,1.1871684959447388,1.1661393883522635
222,477.0,349.5,85.59797883033752,73.84061968326569,1.222359007332058,1.2414625447541863
223,454.5,291.5,83.497474193573,65.35533821582794,1.2206830801906232,1.1660407009587648
224,394.0,222.5,78.42640590667725,59.69848418235779,1.2422772721564388,1.2746376095630032
225,541.0,387.5,88.9116872549057,75.8406195640564,1.162814863712585,1.181196560221904
226,578.5,400.5,92.32590126991272,77.0121922492981,1.172556785895595,1.1784375924954216
227,446.0,255.5,81.25483345985413,62.041629910469055,1.1780227734757562,1.1988521569795556
228,708.0,517.5,111.740114569664,91.49747395515442,1.403379418180089,1.2873540109805273
229,263.5,115.0,63.21320307254791,43.31370830535889,1.2067716817645253,1.2982042619148606
230,4.0,181.0,8.0,52.284271240234375,1.2732395447351628,1.201859440474775
231,217.5,126.0,61.35533833503723,46.28427040576935,1.3773223195417368,1.3529646053298854
232,695.0,482.0,106.0832599401474,84.28427135944366,1.288543384789115,1.1728329834667883
233,436.5,236.0,82.18376553058624,59.313708424568176,1.2313399215991379,1.1862829510522424
234,553.0,349.5,90.08326053619385,71.49747467041016,1.1677589340133852,1.1639232968015096
235,554.5,410.5,91.84061980247498,77.35533857345581,1.2104816143174606,1.1599988459169948
236,632.0,441.0,96.91168737411499,78.76955163478851,1.1825659453927237,1.1196139303301098
237,601.0,447.0,96.08325982093811,79.59797954559326,1.2223937533648872,1.1279418251388331
238,424.5,255.0,81.01219248771667,61.11269783973694,1.2303062019139597,1.1655015836656146
239,614.5,412.5,96.32590138912201,80.18376564979553,1.2015847620227624,1.2403352294141032
240,446.5,261.5,82.18376541137695,59.69848418235779,1.2037623162794442,1.084538692649209
241,597.0,444.0,95.25483310222626,79.59797930717468,1.209455366004822,1.1355630468844
242,345.0,212.5,72.7695517539978,55.55634880065918,1.2214352248841087,1.1558423245025307
243,294.5,162.0,68.18376553058624,48.28427052497864,1.2562231743146204,1.1452135303629312
244,542.0,399.5,89.5979790687561,77.01219260692596,1.1786565594835077,1.181387384675382
245,703.5,501.5,105.49747395515442,83.69848442077637,1.258954852524258,1.1116149698492286
246,217.0,105.0,59.94112539291382,40.627416253089905,1.3175896880827767,1.250947963421828
247,385.5,216.5,75.84062027931213,56.3847758769989,1.1873247100373994,1.1685732815100969
248,302.5,154.0,68.04163014888763,50.97056245803833,1.2179071409328222,1.3424813688589
249,727.0,511.5,104.08326029777527,88.87005734443665,1.185816530730813,1.22872704861944
250,658.0,474.0,98.0832611322403,83.11269772052765,1.163466911286094,1.1597023909648856
251,485.0,334.5,85.74011468887329,69.35533833503723,1.2061922051596987,1.144336638947812
252,694.5,502.5,103.01219248771667,86.04163002967834,1.2158924095228558,1.1723879029187814
253,559.0,390.0,95.74011433124542,75.5979790687561,1.3048668907829903,1.166127133398341
254,440.5,296.0,81.35533809661865,64.7695517539978,1.1956837631182178,1.1278210804666087
255,578.0,416.0,94.0832599401474,76.42640590667725,1.2186725016362085,1.1173357086006308
256,634.5,423.0,97.01219260692596,77.25483465194702,1.1803509400014842,1.1227966373317002
257,499.5,340.0,88.18376553058624,71.4558436870575,1.238887647468001,1.1950517760087505
258,507.5,380.0,89.01219248771667,76.42640602588654,1.2423760945270428,1.2231885690207405
259,323.0,211.0,71.11269772052765,55.455843567848206,1.2458963749500882,1.159851297331924
260,631.0,422.0,97.74011480808258,79.59797942638397,1.2047764408042336,1.1947630197319097
261,580.5,412.0,92.66904616355896,76.42640614509583,1.1772190942791965,1.1281836351405348
262,707.5,471.5,101.15432751178741,83.69848430156708,1.1508868454520023,1.1823433844992532
263,430.5,275.0,79.84061968326569,62.627416372299194,1.1783241489166199,1.1349753609230278
264,565.0,428.5,91.25483357906342,79.01219284534454,1.1728796279797915,1.1593846331986708
265,558.5,375.0,91.8406194448471,72.42640614509583,1.201812085786258,1.1131475625057927
266,368.0,209.5,75.25483310222626,55.698484778404236,1.2246475306820692,1.1784003701451433
267,750.0,521.0,109.25483310222626,84.28427076339722,1.2665145646806182,1.0850393282830537
268,311.0,165.0,69.4558436870575,48.97056233882904,1.234375602115643,1.1565818534945838
269,313.0,167.5,67.94112455844879,49.2132031917572,1.1735761107855633,1.15063767865265
270,113.5,12.0,44.041630029678345,14.828427076339722,1.3599440557324212,1.4581394548072142
271,337.5,173.0,104.32590103149414,57.455843687057495,2.5662599565474697,1.5184917801596696
272,283.0,172.0,65.94112503528595,49.455843806266785,1.2226901270000134,1.1316103768976336
273,711.5,537.0,105.15432786941528,89.94112467765808,1.2367147345632836,1.1987606489570477
274,605.0,435.0,110.91168737411499,81.94112479686737,1.6180404944739548,1.2283007622666062
275,518.5,341.0,86.66904664039612,72.91168677806854,1.1528410012938837,1.240595061720787
276,682.5,511.5,101.01219248771667,86.04163002967834,1.189693463785347,1.1517593767677177
277,301.5,171.0,70.5269113779068,51.45584428310394,1.3128422641452142,1.2321496060275314
278,659.5,453.5,102.18376588821411,86.04162991046906,1.2599089017960359,1.2990626672199372
279,609.5,433.0,93.8406194448471,77.25483465194702,1.1497360737003233,1.0968659990561411
280,336.5,202.0,72.18376541137695,53.79898965358734,1.2322083099617025,1.1402156717584995
281,348.5,209.0,73.69848418235779,54.62741661071777,1.2402363744298188,1.1362271837121147
282,765.0,564.0,106.42640674114227,89.94112479686737,1.1782230088725283,1.14137317410703
283,372.0,209.0,76.76955187320709,54.62741661071777,1.2607390566107612,1.1362271837121147
284,536.0,387.5,87.5979790687561,74.66904604434967,1.1392355272510661,1.1449845722826772
285,540.5,403.0,87.84062004089355,77.25483357906342,1.1360180269087394,1.1785185220835754
286,241.0,89.0,63.94112491607666,40.142135977745056,1.3499995958889452,1.44079132456398
287,153.5,47.0,50.041630148887634,27.656854152679443,1.2982091138566627,1.2950836988727956
288,770.5,564.0,106.52691125869751,89.94112479686737,1.17202307611544,1.14137317410703
289,273.0,163.0,65.11269783973694,48.627416491508484,1.2358303852269925,1.1544228782654855
290,3.0,415.0,6.828427076339722,81.94112503528595,1.2368306322699583,1.2874959872175187
291,656.0,458.5,97.25483310222626,81.3553386926651,1.1473837171864147,1.1487430869601885
292,5.0,84.0,18.82842707633972,36.97056245803833,5.642196574466081,1.29486044862003
293,269.5,122.0,64.52691113948822,43.11269795894623,1.2294563627686204,1.2123854294248002
294,589.5,430.0,95.35533809661865,79.59797942638397,1.2274289074578966,1.1725348705275953
295,680.0,483.0,99.59797859191895,81.94112527370453,1.160866481521226,1.1062336186429955
296,443.5,264.5,81.84061932563782,66.04163014888763,1.2018058847819344,1.312199986653726
297,647.0,464.0,102.56854152679443,81.94112455844879,1.293940229314531,1.151531957923873
298,354.5,231.0,73.84061920642853,57.11269772052765,1.22395247894993,1.1236822099929868
299,335.0,173.0,72.42640626430511,51.45584440231323,1.2460607083994033,1.2179051075547203
300,723.0,537.0,109.59797883033752,93.11269748210907,1.322077544808333,1.2847944947821004
301,59.5,15.0,37.21320307254791,18.485281229019165,1.8521121299269012,1.812804628068042
302,283.5,150.0,65.84061992168427,45.455843925476074,1.2168159544282193,1.0961710480490545
303,606.5,437.0,95.84061968326569,78.42640733718872,1.2051984292467541,1.1200395036274826
304,414.0,232.5,77.25483310222626,58.72792184352875,1.147205213856848,1.1804740510447986
305,319.5,206.5,71.69848418235779,56.38477611541748,1.280381002388017,1.2251627970289793
306,317.5,186.0,72.52691113948822,52.62741672992706,1.3183926390787155,1.1849534705195184
307,579.5,404.5,93.01219260692596,75.35533881187439,1.1880000534967659,1.117119579672387
308,121.5,57.0,45.55634891986847,29.656854152679443,1.3592886144698568,1.2279069093113384
309,596.0,405.0,94.91168713569641,75.5979790687561,1.2027718718036589,1.122937239568773
310,182.5,57.0,52.041630029678345,29.656854152679443,1.18094330670111,1.2279069093113384
311,486.5,338.0,85.8406195640564,70.62741661071777,1.2052939550838588,1.1744109119010986
312,2.0,503.5,6.0,83.69848418235779,1.432394487827058,1.107199412519181
313,381.0,205.5,78.91168689727783,55.69848442077637,1.3006121750104975,1.2013375882002317
314,6.0,489.0,15.656854152679443,85.4558435678482,3.251231527398552,1.1884059242188278
315,692.0,488.0,106.08326017856598,87.59797859191895,1.2941295613494461,1.2512914671284305
316,217.5,107.0,58.183765172958374,41.11269795894623,1.2386098181628362,1.2570666756600102
317,436.5,234.5,94.66904640197754,60.04163038730621,1.6338865320609484,1.2233542703437987
318,599.5,427.0,95.49747395515442,79.59797930717468,1.2105555317242653,1.1807728169008749
319,783.0,619.0,108.08326017856598,93.25483310222626,1.1872583867349238,1.1180009827267152
320,518.0,351.5,88.91168689727783,74.66904652118683,1.2144456297448099,1.262251856120186
321,577.0,425.0,91.5979790687561,80.42640602588654,1.157140533181834,1.2111516634816206
322,570.5,413.5,96.18376553058624,77.01219248771667,1.2904406583109609,1.141388775614709
323,562.5,408.5,95.84061980247498,79.01219344139099,1.2994717318338067,1.2161476690845103
324,277.5,113.5,68.52691149711609,41.55634915828705,1.3466336601532032,1.210790619387086
325,674.0,473.0,100.08326089382172,81.94112503528595,1.1826415510419335,1.1296212150005713
326,5.0,394.0,18.82842707633972,75.59797930717468,5.642196574466081,1.1542882865328827
327,489.0,350.0,87.25483286380768,73.94112467765808,1.2389684826993637,1.2430660226588501
328,366.5,217.0,76.18376517295837,56.97056245803833,1.2602044891155335,1.190231435871662
329,643.0,446.0,97.25483334064484,78.42640709877014,1.1705812164302811,1.0974378029356078
330,344.5,205.5,73.69848418235779,55.21320283412933,1.2546367967744323,1.180495106216343
331,603.0,464.5,97.25483310222626,82.52691149711609,1.248231705595834,1.1667978017432414
332,332.5,181.0,72.52691113948822,51.313708424568176,1.258916279421029,1.157652903404522
333,327.0,137.0,106.0832599401474,45.65685415267944,2.738647255132828,1.2108254416480164
334,294.0,183.5,68.76955199241638,52.870057106018066,1.2800743512460082,1.2121981765342167
335,758.5,568.0,106.66904652118683,89.94112491607666,1.193744481849801,1.1333353378570337
336,5.0,520.5,18.82842707633972,89.35533821582794,5.642196574466081,1.2207041136748238
337,489.5,327.5,85.8406194448471,70.04163002967834,1.1979070633701019,1.1920413503448315
338,670.5,493.5,102.66904640197754,86.04163014888763,1.251037737456988,1.1937688406264109
339,17.5,307.5,21.071067571640015,67.69848477840424,2.018948155853765,1.186049767644113
340,490.5,390.0,85.8406195640564,77.25483357906342,1.1954648504552443,1.2178024728196946
341,541.0,342.5,90.56854140758514,71.84062027931213,1.206556373150085,1.1991394944400606
342,228.5,119.0,61.35533845424652,43.455843806266785,1.3110179678967488,1.2628144685946114
343,334.0,182.5,72.76955163478851,50.041630148887634,1.2616621293544288,1.0919183505588914
344,563.5,411.0,90.18376553058624,77.25483334064484,1.1485580375612234,1.155578981674472
345,721.0,533.5,109.59797894954681,92.52691197395325,1.3257448917833559,1.2770027968416557
346,490.0,348.0,86.76955199241638,72.28427076339722,1.2227249274607357,1.1948090406189738
347,621.0,441.0,95.2548336982727,79.59797978401184,1.1627131441885799,1.1432879792685786
348,140.5,35.0,48.870057106018066,23.656854152679443,1.3526938165044107,1.2724363770478395
349,692.0,502.0,102.42640602588654,84.28427076339722,1.2064460619059414,1.1261065538555197
350,566.0,419.5,92.42640602588654,79.01219296455383,1.2010631338726727,1.1842582045881023
351,455.5,257.0,85.01219308376312,63.112698435783386,1.2625953762070568,1.2333618505905568
352,584.5,417.0,93.84061920642853,77.25483357906342,1.1989121186647018,1.1389519529968366
353,821.0,611.0,112.56854128837585,94.08326017856598,1.2282338308730623,1.1528522250667175
354,413.0,226.0,80.42640602588654,58.14213514328003,1.2463425108467039,1.1903197767854925
355,524.5,406.0,89.8406195640564,77.25483357906342,1.2245883400949364,1.169810257142071
356,649.0,447.5,98.91168713569641,80.18376564979553,1.1996116052373897,1.1433257701303186
357,520.5,381.0,86.18376576900482,71.59797954559326,1.1355867986502153,1.0706972671326223
358,728.0,551.0,104.0832599401474,89.94112515449524,1.184187653732232,1.1683021330592664
359,242.5,144.0,60.870057344436646,47.112698435783386,1.2158662817422778,1.2266018157692138
360,777.0,520.0,107.74011433124542,87.59797978401184,1.1888415665718393,1.174288947266188
361,443.5,276.5,83.35533845424652,64.87005722522736,1.2467039925460577,1.2111099229189555
362,254.5,118.5,63.012192249298096,44.041630029678345,1.2415137334772264,1.3025624500053148
363,546.5,388.0,88.66904747486115,74.08326077461243,1.144838051610051,1.1256375947669215
364,654.0,440.0,99.25483334064484,78.42640674114227,1.198714383765044,1.1124028537395176
365,722.0,552.5,103.25483286380768,89.35533845424652,1.1750969918264071,1.1500027050830377
366,178.0,67.0,54.28427028656006,37.79898941516876,1.317401465170929,1.6969760416296649
367,490.5,318.0,85.84061920642853,69.4558435678482,1.1954648404941899,1.20720380798804
368,592.0,450.0,96.91168749332428,80.56854283809662,1.262469052917031,1.1479121174125964
369,331.5,168.5,69.84062016010284,48.38477611541748,1.1709080112891563,1.1056246237046687
370,693.5,515.0,100.66904652118683,86.62741672992706,1.1628818201676294,1.1595610915036816
371,531.0,386.0,89.25483310222626,76.42640626430511,1.193875663334945,1.2041752827148164
372,256.5,120.0,63.35533821582794,43.31370806694031,1.2452862532034321,1.244112403972074
373,218.5,109.0,60.52691149711609,40.97056233882904,1.3342454245984423,1.225483555117719
374,607.0,445.5,94.91168713569641,81.3553386926651,1.1809753469439548,1.182264209587534
375,186.5,63.5,56.183765292167664,32.72792172431946,1.3468926473598515,1.3423113618948534
376,229.5,113.5,62.52691113948822,44.72792184352875,1.3556307011404134,1.402657748600459
377,260.5,167.0,65.69848418235779,51.45584428310394,1.3185393866399835,1.2616621714413643
378,749.0,588.0,106.9116872549057,93.25483298301697,1.214391406547471,1.1769432083988711
379,764.5,568.0,109.49747371673584,89.94112491607666,1.2480179882214517,1.1333353378570337
380,327.0,191.0,71.25483274459839,52.28427064418793,1.235580465018156,1.1389348364714813
381,574.5,413.0,93.01219260692596,79.5979790687561,1.1983394795498272,1.220799006770675
382,459.0,244.0,83.94112479686737,62.14213538169861,1.2215943607407846,1.2594260012137322
383,732.0,538.5,108.42640602588654,88.3847758769989,1.2780539299829365,1.154408081300805
384,282.0,156.0,66.28427076339722,48.97056221961975,1.239829578412522,1.2233077237019243
385,692.0,490.0,104.08326005935669,85.59797930717468,1.2457927946413443,1.1899290877418514
386,680.0,492.5,100.08326017856598,83.69848442077637,1.1722064617781418,1.1319287459479963
387,204.5,90.0,54.870057106018066,36.485281229019165,1.171568396773397,1.1770177786518639
388,481.0,306.0,85.59797883033752,68.28427052497864,1.212193859661937,1.2125790427774739
389,17.5,333.0,21.071067571640015,72.42640674114227,2.018948155853765,1.2535445730039396
390,419.0,246.5,81.59797883033752,58.52691113948822,1.2645468263580726,1.1058199493711605
391,523.5,382.0,91.01219260692596,73.94112479686737,1.2591358938780213,1.138934841187078
392,816.5,597.0,111.49747359752655,93.25483298301697,1.2116132126910681,1.1592003459606974
393,422.5,258.5,79.84061980247498,62.041630029678345,1.2006356156766882,1.1849389836958477
394,5.0,283.0,12.828427076339722,63.59797942638397,2.619189681783205,1.1373400596086665
395,524.5,359.5,90.66904628276825,74.66904664039612,1.247276496279152,1.234162806239005
396,347.5,191.5,72.52691125869751,54.041629910469055,1.2045745734777753,1.2136074551717182
397,454.0,252.0,83.25483298301697,61.59797966480255,1.214935412617992,1.19818128373044
398,718.5,533.5,103.8406194448471,89.3553386926651,1.19425729791158,1.1909587590421948
399,756.0,540.5,106.08326005935669,88.18376517295837,1.184573616985616,1.1449109618704931
400,398.5,199.0,80.66904640197754,54.627416491508484,1.2994981228863725,1.1933240219065315
401,4.0,57.0,8.0,30.485281229019165,1.2732395447351628,1.2974651211955055
402,691.5,499.0,101.01219236850739,86.62741649150848,1.174209381224903,1.1967414004755026
403,546.0,429.0,91.25483310222626,80.42640674114227,1.21369410784462,1.1998588954199259
404,650.0,465.0,98.42640602588654,81.94112467765808,1.1860419063000267,1.1490555484544633
405,335.5,179.0,72.18376576900482,53.79898929595947,1.2358810742494366,1.286723813592586
406,614.0,412.0,94.08326017856598,75.59797942638397,1.1472193966054796,1.1038582192433426
407,573.0,420.0,92.0832599401474,77.25483465194702,1.1775975289154694,1.1308166133126407
408,471.5,337.5,85.84061968326569,73.84061968326569,1.2436384109797025,1.2856034352343348
409,433.5,259.0,80.32590091228485,61.94112467765808,1.1844377606019796,1.1788228492298574
410,30.5,3.0,25.071067690849304,6.828427076339722,1.6399701963554911,1.2368306322699583
411,492.5,354.0,86.66904664039612,71.59797978401184,1.2137016429865557,1.1523606256902537
412,608.0,440.0,94.08325970172882,78.76955199241638,1.1585406289073892,1.1221585176340974
413,720.5,539.0,105.0121922492981,88.76955199241638,1.217967222180951,1.163400984342985
414,238.0,112.0,61.94112515449524,41.79898941516876,1.282836649795405,1.2413769497422507
415,223.5,91.0,62.0416305065155,37.79898953437805,1.3704999194352459,1.2494219286410795
416,457.0,268.0,83.5979790687561,66.62741696834564,1.2169297082203392,1.318139259977599
417,682.0,485.0,102.42640614509583,83.11269783973694,1.2241358897100028,1.1333998657613031
418,393.0,221.0,79.59797883033752,56.97056233882904,1.2829261750023004,1.168688780557749
419,639.5,470.5,98.66904652118683,84.52691113948822,1.2114666136544878,1.208427238662153
420,717.5,529.0,104.18376541137695,86.62741661071777,1.2038387813292943,1.1288732712303136
421,357.0,180.0,73.94112491607666,54.62741684913635,1.2186921869364988,1.3192860192705353
422,572.0,391.5,91.59797930717468,77.35533845424652,1.167255404058827,1.2162950824553844
423,477.5,312.5,83.497474193573,67.01219248771667,1.1618857799929598,1.1435305431796179
424,693.0,518.0,104.08326005935669,86.4264063835144,1.2439951138409961,1.14750156625366
425,439.5,299.5,87.01219236850739,71.01219236850739,1.3708548699614629,1.339859164168454
426,567.5,413.0,92.66904675960541,77.25483417510986,1.2041862432070585,1.1499829823931313
427,276.0,165.0,65.11269795894623,48.97056233882904,1.2223974507331006,1.1565818534945838
428,413.5,266.5,80.52691113948822,62.041630029678345,1.2479486152520494,1.14936858268434
429,569.5,409.0,91.01219260692596,76.42640614509583,1.1574322044690855,1.1364588207283626
430,149.0,33.5,50.284270882606506,22.242640614509583,1.3504178880694246,1.175216874023725
431,575.5,412.0,97.154327750206,76.42640697956085,1.3051760928480383,1.1281836597767787
432,470.0,292.0,83.94112479686737,67.4558436870575,1.1930038544255748,1.2400706864565834
433,778.0,568.0,107.25483310222626,89.94112491607666,1.1766418250730704,1.1333353378570337
434,252.5,105.0,62.5269113779068,40.97056245803833,1.2321475179577803,1.2721686503348142
435,292.5,159.5,65.35533857345581,48.041630148887634,1.1620542497415074,1.151502591009641
436,749.5,561.0,105.01219260692596,89.94112467765808,1.1708410801314006,1.1474767709267997
437,649.0,467.0,98.91168749332428,81.94112503528595,1.1996116139120885,1.144134549668673
438,332.0,209.0,71.11269783973694,54.62741661071777,1.2121220796930172,1.1362271837121147
439,422.5,246.5,81.35533821582794,61.071067690849304,1.2466241401115012,1.204049212047209
440,221.5,115.5,61.35533857345581,42.870057344436646,1.3524496922279299,1.2662407348537963
441,670.5,490.0,99.49747323989868,84.28427040576935,1.174939373032064,1.1536846637513438
442,468.5,301.0,87.01219248771667,67.1126983165741,1.2859993959422056,1.1907841381557749
443,423.5,264.0,80.18376541137695,61.455843806266785,1.2081187227643562,1.138446381846917
444,436.5,274.5,83.01219236850739,67.01219236850739,1.256289284751328,1.301833491702095
445,776.5,522.0,125.63960921764374,93.59797883033752,1.6177143195422519,1.3355266978400797
446,422.0,227.0,79.59797894954681,58.1421355009079,1.1947630054172902,1.185076091906914
447,729.5,561.0,105.84061968326569,89.94112467765808,1.2219954464819363,1.1474767709267997
448,475.5,310.5,82.66904699802399,69.35533833503723,1.1437351728232734,1.232787780122522
449,807.5,624.0,109.8406194448471,95.5979790687561,1.188977269096415,1.1654750188697685
450,745.5,580.5,105.35533833503723,90.52691102027893,1.1848287406861746,1.123423010235119
451,189.0,99.5,59.597978830337524,40.52691197395325,1.4955171406076082,1.3135726017259521
452,357.0,221.0,74.28427076339722,56.97056233882904,1.2300298431965322,1.168688780557749
453,486.5,354.0,85.8406195640564,74.76955199241638,1.2052939550838588,1.2567139351548857
454,500.0,295.5,88.56854093074799,66.18376588821411,1.2484728778630902,1.1796022735813199
455,396.0,261.0,76.76955163478851,61.455843448638916,1.1843306215811726,1.1515319590407183
456,389.0,221.0,79.5979790687561,56.97056233882904,1.2961182256974004,1.168688780557749
457,550.0,391.0,89.59797894954681,75.25483298301697,1.161512460982075,1.1526094369903082
458,368.5,213.0,75.8406195640564,55.59797930717468,1.2420995036254754,1.1548578949409456
459,488.5,297.0,85.8406195640564,65.94112527370453,1.2003592817774766,1.1650549105830723
460,326.5,201.5,71.84061968326569,56.52691197395325,1.2579028178580427,1.2619019379154908
461,373.5,189.5,77.35533857345581,55.2132031917572,1.2749117168645954,1.2801675328237307
462,240.5,124.0,61.21320295333862,43.313708424568176,1.2398389164009065,1.203979765661202
463,5.0,561.0,10.828427076339722,94.28427052497864,1.866168626502612,1.2609729354390484
464,697.0,582.0,100.56854116916656,93.25483345985413,1.1547332162827393,1.1890766556971444
465,411.0,263.0,78.42640578746796,61.94112455844879,1.190893537084361,1.1608939801343714
466,555.0,378.5,92.08326029777527,75.84062016010284,1.2157898906482547,1.20928315529858
467,723.5,558.0,104.32590091228485,89.94112491607666,1.197115042647439,1.1536460069942567
468,732.5,507.0,105.49747383594513,85.45584344863892,1.209112268599643,1.146213994717307
469,231.5,105.0,60.041630148887634,40.14213538169861,1.239207663573699,1.2212421340777253
470,735.5,521.0,106.66904664039612,85.94112479686737,1.2310743596286595,1.1281178720660925
471,667.0,464.0,110.08326017856598,86.28427135944366,1.4457954976693277,1.2768369067687158
472,179.5,81.0,54.5269113779068,35.31370806694031,1.318097327502943,1.2251570458721812
473,376.5,209.0,75.8406194448471,54.62741672992706,1.2157069472698083,1.1362271886711204
474,609.5,433.5,95.0121922492981,77.84062051773071,1.1786235207908908,1.1122786799735134
475,276.0,131.0,66.42640602588654,46.97056245803833,1.2722210158144767,1.3402023090039832
476,534.0,375.0,91.74011468887329,74.08326017856598,1.254201848168744,1.1646596793113346
477,660.5,499.5,100.6690468788147,83.69848442077637,1.2209819046421744,1.1160658806394157
478,721.0,509.0,106.08326017856598,86.28427064418793,1.2420771934172214,1.1639534674231549
479,583.5,409.0,93.49747455120087,78.7695517539978,1.1921997771360688,1.2072120899023304
480,215.5,89.5,56.87005698680878,37.2132031917572,1.1942910792560415,1.2312924294601935
481,347.0,206.0,73.59797883033752,53.455843567848206,1.2422026080856616,1.1038582056743296
482,669.5,469.0,98.66904699802399,83.11269760131836,1.1571813396865371,1.172065952538336
483,658.5,468.5,100.66904675960541,81.35533833503723,1.2246902750283792,1.1242234807697835
484,448.5,243.0,83.35533833503723,60.97056257724762,1.2328053937852772,1.2173746863759438
485,230.5,117.0,59.35533845424652,41.11269807815552,1.2162945976158428,1.1496250861165977
486,159.0,57.0,51.3137081861496,29.656854152679443,1.3178312803087697,1.2279069093113384
487,241.0,127.0,64.7695517539978,46.28427076339722,1.3852076341000672,1.342311361464448
488,675.5,519.0,105.01219260692596,89.94112479686737,1.2991049438319537,1.2403361660816279
489,331.0,202.0,72.76955199241638,54.627416372299194,1.273097146061312,1.1756013827869685
490,586.5,403.0,94.32590055465698,76.42640686035156,1.2072133792226738,1.1533788247593395
491,456.0,284.5,82.76955223083496,65.35533821582794,1.1955465892617942,1.1947306303320913
492,571.0,357.5,95.74011397361755,75.8406195640564,1.2774441094541729,1.2803179498908748
493,243.5,109.0,62.18376541137695,40.97056233882904,1.2637035428938128,1.225483555117719
494,614.5,429.0,93.8406195640564,77.25483417510986,1.140381023109457,1.1070931741919887
495,5.0,187.5,10.828427076339722,53.21320295333862,1.866168626502612,1.2017874502040997
496,280.5,166.5,68.87005722522736,50.870057106018066,1.345606753283503,1.2368024830045972
497,170.0,79.5,53.455843448638916,33.899494767189026,1.3376164079688684,1.1502955998300117
498,721.0,538.0,105.25483322143555,88.76955151557922,1.2227536450382452,1.165563427182267
499,582.0,408.5,124.56854104995728,77.69848430156708,2.121699662740301,1.1760429124398757
500,5.0,181.0,10.828427076339722,52.284270882606506,1.866168626502612,1.2018594240331792
501,698.5,516.5,103.8406195640564,86.04163002967834,1.228452212626503,1.140609721619918
502,681.5,473.0,103.49747383594513,83.1126983165741,1.2507881991871241,1.1621542097288309
503,617.5,456.5,95.49747371673584,84.52691125869751,1.1752680771578916,1.2454874422656093
504,329.0,194.0,69.94112455844879,52.28427064418793,1.1832035385637194,1.1213224420930563
505,651.0,480.0,100.08326017856598,84.28427052497864,1.2244245683704094,1.1777197642442971
506,710.5,490.0,102.66904664039612,84.2842708826065,1.1806063432241216,1.1536846768052555
507,284.0,145.0,64.76955258846283,44.28427076339722,1.175475522606024,1.0762697367818759
508,668.5,468.0,98.32590103149414,81.94112467765808,1.1508655605988876,1.1416898077592423
509,585.5,403.5,91.8406195640564,75.84062004089355,1.1463912069241573,1.1343585448366977
510,773.0,568.0,107.25483286380768,89.94112491607666,1.1842526983661203,1.1333353378570337
511,169.5,42.5,51.69848394393921,30.727921962738037,1.254804445564954,1.7679402704327782
512,728.0,570.0,106.76955199241638,93.25483310222626,1.2461020127244304,1.2141098391365557
513,366.5,255.0,76.18376576900482,61.25483441352844,1.2602045088347062,1.170929360710024
514,718.5,501.0,101.49747431278229,85.4558435678482,1.14096897177164,1.1599411116626883
515,701.0,521.0,106.42640626430511,87.59797954559326,1.2857925730537498,1.1720350273598252
516,687.5,485.0,104.32590103149414,85.254833817482,1.2598003423051216,1.1925769792751668
517,356.5,193.0,74.18376529216766,54.97056233882904,1.2284241540904337,1.2459286900287414
518,551.0,402.5,91.25483310222626,77.84062004089355,1.2026805496972097,1.1979448493443883
519,781.0,585.5,107.25483310222626,93.84061992168427,1.1721220741444927,1.1968644646319464
520,343.5,172.0,74.1837660074234,50.284271478652954,1.2749147580147273,1.169838779607548
521,530.0,371.0,87.5979790687561,72.7695517539978,1.1521325332199461,1.1358359907951956
522,151.0,38.5,49.11269783973694,27.899494767189026,1.2711616183764363,1.6088741869881613
523,291.0,170.5,74.42640590667725,56.5269113779068,1.5147858560084386,1.4913386224493679
524,755.5,503.5,115.63960838317871,89.15432846546173,1.4085390501256452,1.2562484165407728
525,423.5,233.0,80.5269113779068,59.31370806694031,1.2184811226974164,1.201556965975524
526,505.5,342.5,87.84061992168427,73.01219236850739,1.214674068996233,1.238569379343407
527,377.0,187.0,96.08325982093811,55.455843806266785,1.9486966731360669,1.3087092290980502
528,462.5,272.5,83.01219260692596,62.52691090106964,1.1856654615003102,1.1417146551893955
529,710.0,514.5,102.08326005935669,87.01219320297241,1.167994638189947,1.1710218209991945
530,638.5,423.0,98.66904675960541,77.25483393669128,1.2133639830479106,1.1227966165411118
531,466.5,270.0,83.01219236850739,62.76955187320709,1.175498977050278,1.1612465268452619
532,209.0,109.0,59.11269772052765,40.97056233882904,1.3304709890221729,1.225483555117719
533,6.0,593.0,13.656854152679443,92.28427135944366,2.4736612645399165,1.1428541711702627
534,733.0,572.0,104.91168773174286,92.08326053619385,1.1949064588680296,1.1796562811257452
535,682.0,477.5,102.42640590667725,82.52691102027893,1.2241358840111454,1.1350315657522232
536,691.5,461.0,101.1543276309967,79.59798002243042,1.1775161895538209,1.0936876396482167
537,584.5,424.0,95.35533845424652,77.94112467765808,1.2379287363111864,1.1401385128212884
538,508.5,343.0,87.8406195640564,72.42640602588654,1.207507840467772,1.216998059957855
539,597.0,404.5,94.42640614509583,77.35533833503723,1.188509688831025,1.177205249230259
540,600.0,436.5,93.59797883033752,79.01219296455383,1.1619082271208692,1.1381358919237317
541,226.5,81.0,59.21320283412933,37.65685415267944,1.231853423806367,1.3931349566582918
542,290.0,186.5,69.11269772052765,54.041630148887634,1.310713669922134,1.2461438590671337
543,598.0,423.0,96.91168689727783,77.25483465194702,1.2498021239690258,1.1227966373317002
544,506.5,366.0,88.66904628276825,74.08326017856598,1.2352497105270253,1.1932988517534167
545,618.5,454.0,96.66904640197754,79.59797942638397,1.2023344777948735,1.1105506482970615
546,251.0,116.5,63.94112491607666,42.72792160511017,1.2962147514312183,1.2470611418004514
547,495.5,330.0,88.18376553058624,71.4558436870575,1.2488887586483683,1.231265466190834
548,498.5,340.0,89.69848430156708,71.79898953437805,1.2843848742275121,1.2065571105141375
549,354.0,184.0,75.25483310222626,52.28427052497864,1.273079918901134,1.1822638737721556
550,672.5,515.0,104.66904675960541,86.62741649150848,1.2963861580423561,1.1595610851209237
551,217.0,117.5,59.11269772052765,43.69848430156708,1.28142136730707,1.293257532163081
552,619.0,443.5,98.08326005935669,79.01219344139099,1.236770938413682,1.1201720920428915
553,438.5,237.5,79.84061968326569,59.21320307254791,1.1568267870207636,1.1747991694274376
554,672.5,467.5,100.32590103149414,81.35533881187439,1.1910335219521095,1.1266282500850926
555,756.5,587.0,108.66904664039612,93.4558436870575,1.2422039834613363,1.1840361435338125
556,553.0,418.0,94.76955211162567,77.94112467765808,1.292416996941118,1.15650413740724
557,635.5,455.0,99.1543276309967,80.76955246925354,1.2311130329621252,1.1409696503391697
558,744.5,568.0,103.154327750206,90.91168642044067,1.1373662584754767,1.1579271269917228
559,228.5,85.5,61.21320307254791,35.899494886398315,1.3049508120603968,1.1995012289451898
560,418.0,224.0,79.94112467765808,58.97056233882904,1.2166183489176843,1.235414391086364
561,542.5,345.0,89.49747431278229,73.94112455844879,1.1749298896624443,1.261081468196322
562,273.0,167.0,65.94112479686737,51.45584440231323,1.2674773019737553,1.261662177287225
563,326.0,205.0,72.28427076339722,56.28427064418793,1.2754403255687206,1.2297316770082733
564,119.0,37.5,43.79898929595947,25.071067690849304,1.2828366301652818,1.3338424263691329
565,267.5,132.5,65.21320295333862,45.071067690849304,1.2651365767072826,1.2200284274643403
566,444.0,285.5,81.25483357906342,64.52691197395325,1.1833291858374206,1.1605551605461046
567,595.0,414.0,97.25483322143555,77.59797954559326,1.265014655999125,1.1574190384387069
568,313.0,178.5,71.11269783973694,53.21320307254791,1.285701375265437,1.2623817810805005
569,610.5,433.5,96.6690468788147,77.84062051773071,1.2180898965641915,1.1122786799735134
570,66.0,15.0,38.9705628156662,18.485281229019165,1.8311315957056238,1.812804628068042
571,448.0,291.5,83.5979790687561,67.69848442077637,1.2413769568229798,1.2511502562514096
572,315.5,188.0,71.35533833503723,52.28427052497864,1.2842326639172454,1.157109323266365
573,432.0,251.5,81.94112479686737,62.04163074493408,1.2368306286712356,1.217919420866711
574,698.5,486.5,99.84061932563782,82.52691185474396,1.1356336645475555,1.114034087578669
575,667.0,539.5,100.76955211162567,90.18376553058624,1.2114987171261073,1.1996523710208515
576,501.0,313.0,88.91168713569641,67.11269783973694,1.2556543704223744,1.1451310558838308
577,587.0,397.0,94.91168701648712,77.59797966480255,1.221213004760213,1.2069810664631524
578,499.0,382.0,89.25483298301697,76.42640578746796,1.2704368247243414,1.2167844327954018
579,695.0,502.0,105.74011421203613,86.76955187320709,1.2802208080231872,1.193496439859569
580,570.0,428.0,93.25483286380768,79.59797894954681,1.214109832928484,1.1780139913226553
581,739.0,549.5,107.25483298301697,90.18376612663269,1.2387379402867793,1.1778206782910254
582,329.5,209.0,72.66904604434967,54.62741661071777,1.2753624767766074,1.1362271837121147
583,420.5,253.0,79.35533845424652,60.28427064418793,1.191726049099992,1.1430826596711836
584,6.0,330.0,15.656854152679443,71.11269783973694,3.251231527398552,1.2194682741153995
585,678.5,489.5,101.01219236850739,83.69848430156708,1.1967071291334126,1.1388659975309456
586,677.0,480.5,106.08326053619385,84.87005770206451,1.3228030465168235,1.1929046702753885
587,418.0,214.5,80.08326017856598,58.5269113779068,1.2209484953686482,1.2707907680224881
588,413.0,228.5,79.25483274459839,58.041629910469055,1.2102959831568774,1.1732299227225167
589,285.5,167.0,66.52691173553467,48.97056233882904,1.2336124683149583,1.1427305738120137
590,382.0,216.5,75.59797883033752,56.3847758769989,1.1905486365359952,1.1685732815100969
591,337.0,195.0,72.42640590667725,54.97056233882904,1.2386656771258646,1.233149934233575
592,717.5,535.0,106.66904640197754,89.94112515449524,1.2619584494205842,1.203242009935805
593,419.5,248.0,89.01219260692596,62.62741661071777,1.5029937298242675,1.2585412364123427
594,311.5,175.0,70.18376588821411,53.45584416389465,1.2583614939396446,1.299398831085332
595,5.0,581.0,10.828427076339722,89.94112539291382,1.866168626502612,1.1079767275878076
596,345.5,201.0,72.18376541137695,52.28427076339722,1.2001102642608188,1.0822714167066128
597,193.0,84.0,57.11269807815552,36.97056245803833,1.3449253562649452,1.29486044862003
598,5.0,173.5,10.828427076339722,50.870057225227356,1.866168626502612,1.1869026765729696
599,607.0,439.5,94.91168689727783,79.01219284534454,1.1809753410107242,1.130367042834199
600,339.5,189.0,73.8406195640564,54.627416253089905,1.2780299204436776,1.256462848076907
601,125.5,,93.35533845424652,,5.526176169957642,
602,618.5,441.0,95.01219260692596,79.59798049926758,1.1614729851737673,1.1432879998154137
603,607.5,420.5,93.49747383594513,77.01219308376312,1.1451005091612712,1.122388266402727
604,217.0,99.5,57.11269772052765,38.041630029678345,1.1961778364441473,1.1574048298994704
605,269.5,121.0,67.35533833503723,50.62741672992706,1.3396008377089532,1.685684532011274
606,625.5,427.5,95.49747347831726,77.01219260692596,1.1602366651019973,1.1040099653282223
607,455.5,308.0,85.49747395515442,67.94112491607666,1.2770512362146396,1.1926276835810738
608,378.0,232.5,75.5979790687561,58.52691113948822,1.2031470423951136,1.1724069570752305
609,198.5,74.5,55.899494767189026,34.72792172431946,1.2526951332296021,1.288224193363854
610,511.5,340.0,89.01219284534454,71.11269795894623,1.2326605533507171,1.1836015641390736
611,510.5,353.0,87.0121922492981,72.42640590667725,1.1801972844215525,1.1825221903439556
612,435.5,265.0,83.01219260692596,62.627416372299194,1.2591739975749565,1.1778046198257837
613,542.0,369.0,92.56854140758514,75.59797883033752,1.2581073244790777,1.2324920844356373
614,423.0,254.5,80.08326005935669,62.041630148887634,1.2065164764650014,1.2035627837425416
615,688.0,508.0,100.42640566825867,86.28427064418793,1.1665343624486717,1.1662447144062713
616,373.0,247.0,76.4264063835144,60.28427052497864,1.2461438621392442,1.1708498451540534
617,373.5,202.5,77.49747383594513,54.04163038730621,1.2796011512441814,1.1476831198353428
618,459.5,279.0,82.66904628276825,65.11269783973694,1.1835605337686894,1.2092533876952294
619,572.0,417.5,93.59797894954681,77.01219236850739,1.2187848567278536,1.1304533107917347
620,629.5,443.5,96.81118249893188,79.01219344139099,1.1848011067957112,1.1201720920428915
621,618.0,442.0,94.91168737411499,78.42640662193298,1.1599547559813133,1.1073693532973379
622,581.5,426.5,95.01219236850739,77.84061992168427,1.2353758172393643,1.1305341157896034
623,420.0,226.0,80.76955211162567,58.284271359443665,1.2360504435882411,1.1961466818161308
624,423.0,285.0,81.94112479686737,62.62741672992706,1.2631461739621128,1.0951516765560532
625,465.5,309.5,84.18376541137695,67.69848418235779,1.2115103955299815,1.1783854511419494
626,795.5,618.0,107.84061968326569,93.25483310222626,1.163361538277509,1.119810045805561
627,159.0,65.0,54.284271121025085,32.1421355009079,1.4748268428294198,1.2648127490590035
628,150.5,46.5,54.041629910469055,27.899494647979736,1.5442247685407575,1.3320786165529923
629,271.5,120.5,68.5269113779068,44.38477611541748,1.3763935152573483,1.300981605662393
630,197.0,69.0,56.28427052497864,32.1421355009079,1.2796700138011612,1.1914902708526844
631,633.5,449.0,97.49747359752655,79.59797930717468,1.1940712480994489,1.1229175786562886
632,544.5,401.0,90.18376541137695,76.76955235004425,1.1886362763172003,1.1695634286416972
633,399.5,248.0,78.18376541137695,59.11269772052765,1.2176052659199137,1.1212436963936863
634,684.0,577.5,100.56854164600372,91.49747347831726,1.1766799113761923,1.1536029328806736
635,143.0,49.0,51.11269748210907,27.656854152679443,1.4538235567225612,1.2422231397351307
636,672.0,464.0,103.25483334064484,81.94112491607666,1.2625298153791331,1.1515319679754783
637,265.5,152.5,64.52691113948822,46.870057106018066,1.247979245823515,1.1463342215727312
638,605.0,437.0,98.08326041698456,79.59797894954681,1.2653904404310679,1.153752833606628
639,200.0,98.5,55.455843687057495,42.38477575778961,1.2236431239459282,1.4513551058116105
640,178.5,47.5,54.18376564979553,28.727921962738037,1.308851225587194,1.3826267376200698
641,316.5,172.5,87.01219260692596,51.698484897613525,1.9036041663500276,1.2329818050443946
642,490.0,302.0,84.42640590667725,65.94112539291382,1.157579051467685,1.1457659261399233
643,535.0,363.0,89.25483274459839,71.59797954559326,1.1849494806553784,1.1237896936020082
644,727.0,500.0,102.91168701648712,85.45584344863892,1.159271396341271,1.1622609906433494
645,736.0,515.0,106.08326017856598,86.62741672992706,1.2167631201818163,1.1595610915036816
646,284.0,150.0,68.42640578746796,45.455843567848206,1.3119559485781818,1.0961710308006094
647,523.0,362.0,88.42640578746796,75.11269783973694,1.1897409032434623,1.240247291475124
648,591.0,424.0,93.25483274459839,79.59797930717468,1.17096887140429,1.1891273415487584
649,282.5,132.0,65.84061968326569,46.28427052497864,1.2211232586975052,1.291466220831101
650,488.0,291.0,84.76955199241638,65.11269807815552,1.17179081582586,1.1593872771055072
651,509.5,355.5,90.18376529216766,72.18376517295837,1.2702894028335263,1.166351880627466
652,504.0,348.0,86.08326029777527,70.76955211162567,1.1700300435932218,1.1452591918471824
653,337.5,196.5,70.1837648153305,53.21320331096649,1.161421017416265,1.1467437656085022
654,442.0,279.0,80.08326077461243,65.11269795894623,1.1546526666540555,1.2092533921230673
655,791.0,591.0,107.2548326253891,93.25483322143555,1.1573038328282848,1.1709688833792506
656,418.0,266.5,82.76955187320709,64.38477611541748,1.3042326315604802,1.2378251498559594
657,790.0,586.0,112.0832599401474,96.76955211162567,1.2654487248060131,1.2716569872712669
658,121.0,51.5,46.62741661071777,28.242640614509583,1.4298401034651593,1.2325186691794838
659,581.5,416.5,96.18376541137695,77.01219308376312,1.2660299118513032,1.1331675054558144
660,787.0,623.5,110.08326053619385,95.0121922492981,1.225343841437341,1.1521588386881283
661,200.5,89.0,56.52691113948822,38.97056245803833,1.2681956757240676,1.3579177876228676
662,367.5,240.0,75.69848418235779,59.45584332942963,1.2408153537060675,1.1721089480596059
663,720.5,497.0,105.01219248771667,87.45584380626678,1.217967227711471,1.224648390317037
664,422.5,233.0,79.35533845424652,59.31370806694031,1.1860847423586902,1.201556965975524
665,218.5,101.0,58.87005698680878,38.627416491508484,1.262198347059943,1.1756013788886104
666,236.0,132.0,62.76955187320709,43.455843925476074,1.3285447552890708,1.1384463832366327
667,385.5,254.5,76.5269113779068,62.041630029678345,1.2089104306516825,1.2035627791173935
668,607.0,451.0,97.25483310222626,79.59797990322113,1.240006125987295,1.11793791655795
669,630.0,452.0,106.22539627552032,82.91168773174286,1.4253000695739855,1.2102726313824321
670,433.0,284.0,80.08326029777527,65.5979791879654,1.1786523616246987,1.2057373586585207
671,638.0,431.0,96.91168808937073,79.59797978401184,1.1714446528531153,1.169814382499868
672,528.5,326.0,95.49747407436371,77.11269891262054,1.3731845659045347,1.451524407570125
673,388.5,236.5,78.18376553058624,60.870057463645935,1.2520805797126549,1.246712788487842
674,565.0,387.5,94.91168785095215,79.01219248771667,1.268764683892732,1.2820549956861813
675,394.0,233.0,77.25483274459839,59.11269783973694,1.2054389698972734,1.1934267717904055
676,788.5,557.5,107.49747383594513,88.18376588821411,1.1662320044702845,1.1099988967345857
677,406.0,241.0,78.76955187320709,60.284271121025085,1.216132379961892,1.1999996575595122
678,570.0,396.0,93.25483345985413,75.5979791879654,1.214109848448663,1.1484585440900361
679,468.0,302.0,84.08326005935669,67.59797966480255,1.2021630253822055,1.2040669210744679
680,522.0,365.0,88.56854212284088,73.25483322143555,1.1958552791866492,1.1699568361848791
681,591.5,416.0,97.3553386926651,77.11269760131836,1.275131372586064,1.1374926460923636
682,365.5,214.0,73.35533809661865,55.79898941516876,1.171564493003014,1.157787961390265
683,596.0,405.0,94.0832599401474,74.9116883277893,1.1818669562847794,1.102641370689912
684,435.0,298.0,79.5979791879654,65.94112467765808,1.159057451279267,1.1611453093548687
685,726.0,522.0,105.25483298301697,86.62741672992706,1.214332471182683,1.1440114216942454
686,640.0,438.5,96.91168749332428,79.01219344139099,1.1677838739482538,1.1329448639019895
687,280.0,159.5,64.76955199241638,49.55634891986847,1.1922680081279606,1.2252594274739033
688,751.5,591.0,107.49747383594513,93.25483310222626,1.2236512781434723,1.1709688803855107
689,447.0,279.0,82.7695517539978,63.79898953437805,1.2196179830467895,1.1609500466184628
690,393.0,240.0,77.11269772052765,60.485281229019165,1.2040634662530865,1.2130488844743577
691,449.0,286.5,82.4264063835144,65.35533857345581,1.204138734311158,1.1863904643957799
692,192.5,103.5,56.041630268096924,40.38477611541748,1.298317536661542,1.2539642218344966
693,694.0,474.0,100.42640590667725,83.11269819736481,1.1564490564487258,1.1597024042718582
694,264.0,124.5,63.597978949546814,44.52691149711609,1.2191940607679506,1.267260590465021
695,6.0,266.5,11.656854152679443,65.01219308376312,1.802194297075878,1.262067420012843
696,770.0,563.0,109.74011397361755,90.76955211162567,1.2446012264889554,1.1645606894502532
697,709.0,512.5,104.91168713569641,86.04163002967834,1.2353546183327937,1.149512041398415
698,409.5,245.0,85.35533809661865,60.28427064418793,1.4157859682985765,1.1804078077420794
699,395.5,245.5,77.84061980247498,59.698484659194946,1.2191474055813285,1.1552214772234024
700,429.5,285.0,87.35533821582794,70.6274163722992,1.4138582386880916,1.3928101247108036
701,734.5,520.0,104.18376553058624,86.62741649150848,1.1759759395240588,1.1484114593024535
702,536.5,400.0,89.84061968326569,75.59797883033752,1.197197737342624,1.1369739478918754
703,504.5,382.0,86.6690468788147,74.91168773174286,1.184832631238015,1.1690307539869416
704,673.5,487.0,101.84061932563782,84.28427112102509,1.2254471874487218,1.160791570498529
705,378.5,211.5,76.18376541137695,54.041630029678345,1.2202508537692833,1.0988455257243603
706,517.0,339.0,89.59797894954681,73.11269783973694,1.23565155423625,1.254804469321105
707,228.0,107.0,59.94112479686737,41.11269795894623,1.254021739595278,1.2570666756600102
708,634.5,447.0,96.66904664039612,79.5979791879654,1.1720155684543485,1.1279418150033138
709,565.5,426.5,91.8406194448471,78.18376576900482,1.1869355436103008,1.1405235830834421
710,651.5,451.5,97.84061968326569,81.35533928871155,1.1692681104643199,1.16655307439406
711,637.5,454.0,97.49747347831726,79.59797978401184,1.1865790334450286,1.1105506582763065
712,604.0,433.0,94.08326041698456,77.25483465194702,1.166213101135431,1.0968659990561411
713,506.5,334.0,86.18376553058624,73.11269795894623,1.1669751735975347,1.2735889715179738
714,268.5,159.5,66.18376553058624,50.041630148887634,1.2982214825929843,1.2493736612977913
715,205.5,75.5,57.012192487716675,37.55634903907776,1.2586755478334233,1.4866540475635213
716,248.0,118.5,63.11269748210907,41.69848453998566,1.2781209113806562,1.1676490458496158
717,629.0,451.5,96.91168713569641,80.18376588821411,1.1882061586817798,1.1331966449079298
718,623.0,436.5,98.42640626430511,78.18376541137695,1.2374434074315506,1.114394739370001
719,733.5,539.5,105.01219260692596,88.3847758769989,1.1963808991935716,1.152268307285419
720,623.0,420.5,100.08326041698456,82.18376564979553,1.279454892145819,1.2781923361171832
721,303.0,160.5,67.59797894954681,49.69848442077637,1.200093077456676,1.2246201161435568
722,270.0,121.5,63.455843448638916,44.72792196273804,1.1867783471454678,1.3103016898334456
723,422.0,278.0,79.11269772052765,65.4558435678482,1.1802393036928744,1.2264283710905397
724,413.5,257.5,79.84061980247498,60.870057106018066,1.2267679507216462,1.1450391107291569
725,449.5,300.0,86.66904640197754,68.42640554904938,1.3298065759336568,1.2419849559990994
726,6.0,430.5,15.656854152679443,79.01219296455383,3.251231527398552,1.1539984130655259
727,672.0,473.5,100.08326041698456,82.52691161632538,1.1861613062601863,1.1446200221235436
728,764.0,561.0,107.25483286380768,89.94112467765808,1.1982033191583914,1.1474767709267997
729,513.5,357.0,87.01219260692596,71.5979791879654,1.1733022758515748,1.1426769039280051
730,632.5,431.0,97.49747359752655,79.59797894954681,1.1959591077802383,1.1698143579723816
731,689.5,470.0,103.49747383594513,85.254833817482,1.236275790784663,1.2306379466988422
732,280.5,169.0,65.69848418235779,49.112698554992676,1.2245258831362413,1.1357716566015317
733,668.5,473.0,101.49747323989868,81.9411256313324,1.2263069392471948,1.1296212314344858
734,412.0,271.0,79.59797883033752,62.627416491508484,1.22376210382501,1.1517277691588446
735,225.0,119.5,59.455843687057495,42.52691161632538,1.2502495596374559,1.2043422433068496
736,509.5,338.5,87.35533833503723,71.35533857345581,1.1918589110380886,1.196973140837532
737,448.5,275.0,80.5269113779068,64.97056221961975,1.150561327675264,1.2214921829277454
738,310.5,156.0,68.18376541137695,48.627416372299194,1.191490252953373,1.2062238989402463
739,192.0,96.0,56.28427076339722,37.65685415267944,1.3129947648675169,1.1754576196804336
740,416.5,249.0,79.01219284534454,60.28427064418793,1.192788272090349,1.16144543332052
741,424.0,235.0,81.11269783973694,59.31370830535889,1.2348152155439183,1.1913309588212133
742,374.5,200.5,75.8406194448471,55.21320307254791,1.2221993742245203,1.2099338973693308
743,4.0,216.5,8.0,56.041629791259766,1.2732395447351628,1.1543931711514643
744,601.0,438.5,94.08325982093811,82.18376517295837,1.1720344495186532,1.2257237653369855
745,400.0,224.0,79.59797883033752,60.28427076339722,1.2604749669397601,1.2910710448239628
746,512.0,350.0,90.42640614509583,71.45584380626678,1.2708980597485886,1.1609074434248252
747,387.0,243.0,86.42640614509583,62.627416491508484,1.5359323205165454,1.284437141736818
748,388.0,232.0,75.59797883033752,57.9411256313324,1.172138090610181,1.151531989643122
749,375.0,217.0,76.76955211162567,54.62741684913635,1.2506531519260315,1.0943386334962968
750,687.0,518.0,100.91168713569641,86.42640590667725,1.1795499411348762,1.1475015535915258
751,747.0,565.0,104.91168737411499,89.94112479686737,1.1725119523144267,1.1393530445953362
752,435.0,255.5,81.25483298301697,62.041629910469055,1.2078118409279943,1.1988521569795556
753,722.5,513.0,102.66904711723328,84.28427052497864,1.1609976673389537,1.1019600133279972
754,623.5,443.5,95.84062004089355,79.0121933221817,1.172338176091798,1.1201720886627824
755,187.0,84.5,53.94112491607666,37.2132031917572,1.2381935229482943,1.3041499696649386
756,367.5,209.0,75.84061968326569,54.62741661071777,1.2454793701357625,1.1362271837121147
757,234.0,118.0,61.94112491607666,43.79898953437805,1.3047654713714516,1.2937081411156175
758,433.0,225.0,81.11269760131836,56.97056269645691,1.2091493032627247,1.1479121055374528
759,713.5,520.5,104.18376576900482,86.04163014888763,1.2105877106289078,1.1318442321789313
760,721.0,481.5,102.9116872549057,83.35533857345581,1.168918597843466,1.1483140649546344
761,501.5,351.5,86.18376541137695,73.35533833503723,1.178610017531423,1.218227098082806
762,533.0,381.5,87.59797894954681,75.49747347831726,1.145647731603372,1.1889413460090457
763,178.5,78.0,54.52691185474396,35.3137081861496,1.3254816494391015,1.2722784793031379
764,571.5,412.0,93.15432798862457,76.42640614509583,1.2083144680607292,1.1281836351405348
765,491.5,316.0,83.84061968326569,68.28427064418793,1.1380872894848162,1.1742062923590102
766,236.5,128.5,60.041630029678345,44.38477611541748,1.2130087652353345,1.2199866418857461
767,408.0,263.5,79.11269783973694,62.041630029678345,1.2207377148514174,1.1624543729995318
768,265.5,145.0,65.8406195640564,48.28427064418793,1.2993119372236073,1.2794799505853804
769,679.0,500.0,101.25483322143555,85.4558435678482,1.201577775627823,1.1622609938860138
770,37.5,3.0,33.899494767189026,6.828427076339722,2.438626671639625,1.2368306322699583
771,569.5,413.5,94.32590067386627,77.84061980247498,1.2432496026404212,1.166076901831718
772,6.0,432.5,11.656854152679443,79.01219296455383,1.802194297075878,1.14866200421898
773,396.0,221.0,76.76955187320709,56.97056233882904,1.1843306289373816,1.168688780557749
774,364.0,208.5,73.59797883033752,54.041630029678345,1.184187651114628,1.1146562527132
775,928.0,686.0,133.1959592103958,102.22539710998535,1.521332906886134,1.2122261069333014
776,744.0,544.5,108.42640602588654,90.18376553058624,1.2574401569186957,1.1886362794595948
777,522.5,355.0,94.18376553058624,74.28427076339722,1.3510018411364932,1.2369595887920055
778,537.5,394.0,88.66904628276825,76.4264065027237,1.1640074016408155,1.1797250305278097
779,465.0,321.5,82.76955199241638,70.5269113779068,1.1724069711024656,1.2311724498904575
780,569.0,413.0,93.25483345985413,76.76955258846283,1.2162436091664992,1.1355809631922014
781,717.0,521.0,104.91168701648712,87.59797990322113,1.2215710214888253,1.1720350369297352
782,564.5,409.0,91.84061980247498,77.2548336982727,1.1890381844801274,1.1612297453922182
783,784.0,509.5,140.71067714691162,88.5269113779068,2.009685871403516,1.2240427117233197
784,417.5,209.0,80.52691125869751,54.62741661071777,1.235992224992908,1.1362271837121147
785,481.5,300.0,84.18376564979553,65.94112551212311,1.1712525281694728,1.153404369817804
786,336.5,173.5,72.66904604434967,52.38477599620819,1.2488319051943302,1.2586379988573035
787,566.0,376.0,103.25483310222626,77.11269843578339,1.498975321584314,1.2585025292970786
788,716.0,489.0,102.9116872549057,83.11269772052765,1.1770814372138811,1.1241286979905027
789,538.5,356.0,90.18376529216766,73.11269795894623,1.2018801313717395,1.1948840350758518
790,772.5,596.5,106.66904664039612,92.66904640197754,1.1721102802678047,1.145642393538049
791,459.0,293.0,82.42640602588654,67.11269783973694,1.1779047647366967,1.2232969982649797
792,762.5,546.0,105.49747455120087,89.94112491607666,1.1615406541097708,1.1790008642908336
793,292.0,160.5,67.11269772052765,48.3847758769989,1.2274863671860505,1.1607336277772733
794,201.5,69.0,60.38477599620819,35.313708424568176,1.4400249097823745,1.4382278655889986
795,480.0,375.0,84.08326053619385,73.25483357906342,1.1721089630417378,1.1387579983387128
796,418.0,251.0,81.59797894954681,60.284271001815796,1.2675720617037565,1.1521909017055147
797,403.5,209.0,81.35533845424652,54.62741661071777,1.3053251605555831,1.1362271837121147
798,615.0,450.0,96.0832599401474,79.59797990322113,1.1945669066589604,1.12042222303919
799,684.0,491.0,102.42640614509583,83.11269795894623,1.2205565450032483,1.1195497687802611
800,422.5,275.0,81.01219248771667,62.627416491508484,1.236130136597576,1.1349753652438066
801,770.0,529.5,123.39696860313416,87.01219272613525,1.573650892934924,1.1378483858369104
802,118.0,69.0,44.627416491508484,32.1421355009079,1.3431101176640814,1.1914902708526844
803,284.0,159.0,67.59797871112823,48.284270882606506,1.280380985578641,1.166821350107237
804,655.0,452.5,99.25483298301697,81.35533821582794,1.196884276844165,1.1639750258499653
805,688.5,483.0,102.32590103149414,83.11269795894623,1.2102005512528664,1.1380930361720667
806,610.0,422.0,96.91168677806854,76.42640590667725,1.2252158496636008,1.1014494189048871
807,475.0,308.0,85.59797894954681,67.11269783973694,1.2275057855187803,1.1637208457520747
808,348.0,198.0,73.94112467765808,53.79898965358734,1.2502100802603378,1.1632503317940246
809,634.5,451.0,97.49747407436371,79.59797990322113,1.1921893507804264,1.11793791655795
810,649.5,457.0,104.3259003162384,79.59797859191895,1.333506887542228,1.1032603583271758
811,429.0,257.5,80.42640614509583,59.6984840631485,1.1998588776354282,1.1013858912431995
812,214.0,105.0,55.94112491607666,38.62741684913635,1.1636938878980225,1.1308165853938508
813,589.5,355.0,103.8406194448471,78.62741661071777,1.4555960450372694,1.3858294821767971
814,411.5,208.5,77.8406194448471,54.041630029678345,1.1717443365172882,1.1146562527132
815,488.5,317.5,88.66904723644257,69.01219236850739,1.2807655923035863,1.193707863572141
816,741.5,544.0,105.8406195640564,89.94112503528595,1.202219387997957,1.183335429428723
817,347.5,191.0,71.8406194448471,52.284271001815796,1.1818856613082678,1.1389348520522604
818,,,,,,
819,559.0,384.0,93.25483322143555,75.11269772052765,1.2380010913723383,1.169191453356512
820,542.0,397.0,91.25483310222626,75.59797894954681,1.2226512599320343,1.145565694184009
821,512.0,330.0,87.25483322143555,69.59797966480255,1.1833117050905873,1.1680715917091837
822,662.5,444.0,100.32590079307556,81.59798002243042,1.209011380688117,1.1933449002824574
823,380.5,252.0,74.52691125869751,58.284271121025085,1.161613684724648,1.072734713804841
824,504.0,327.5,89.74011385440826,70.52691197395325,1.2715482131445914,1.2086166391762707
825,518.5,310.5,88.32590126991272,67.35533881187439,1.197340107878984,1.1627131429121618
826,652.0,465.0,98.42640590667725,83.11269795894623,1.182403738079138,1.1821482504755016
827,325.0,184.0,69.59797942638397,51.455843687057495,1.1860419157633868,1.1450955312468158
828,19.0,6.5,26.485281229019165,14.242640614509583,2.9379588766473206,2.483463669078372
829,692.0,449.5,101.25483357906342,81.35533893108368,1.179004791061473,1.171743511586908
830,596.5,444.5,95.15432810783386,80.18376564979553,1.2079161336593733,1.1510422545181498
831,495.5,355.0,86.66904640197754,72.42640626430511,1.206353291386839,1.175860105109296
832,542.0,416.0,89.59797883033752,78.4264065027237,1.1786565532107407,1.176579934301584
833,575.5,433.5,97.35533845424652,78.18376576900482,1.3105824555872463,1.1221068239563738
834,254.5,167.5,67.69848418235779,52.38477599620819,1.4330463541392275,1.3037235391148787
835,402.5,229.5,77.35533821582794,58.72792196273804,1.1830547126608606,1.1959050892468222
836,831.5,605.5,112.32590079307556,95.84061932563782,1.2075015658266686,1.2071888387829508
837,802.5,607.5,118.32590067386627,95.8406195640564,1.3883684396341043,1.203214560526414
838,665.5,443.5,99.49747383594513,81.35533905029297,1.1837668806261477,1.187595738448364
839,538.5,399.5,88.66904640197754,74.66904628276825,1.1618458311313533,1.110592051546662
840,247.0,115.0,63.455843687057495,46.62741661071777,1.2972880815268817,1.5044404566894285
841,408.0,259.0,79.59797883033752,62.627416372299194,1.2357597715095687,1.205089668933717
842,539.5,391.5,90.6690468788147,75.84062027931213,1.2125978329928082,1.1691281627571326
843,491.5,358.0,87.01219260692596,73.11269783973694,1.2258203838245854,1.1882087013962417
844,709.5,527.0,105.84061980247498,89.94112515449524,1.2564421144702747,1.2215075432934646
845,72.5,21.5,46.38477599620819,18.242640614509583,2.3615821451316843,1.2317627916124156
846,444.0,265.5,81.25483334064484,61.6984840631485,1.1833291788931528,1.140970977584909
847,173.5,72.0,53.21320307254791,35.31370830535889,1.298761659497806,1.3783016952172615
848,362.0,237.0,76.28427076339722,59.313708424568176,1.2792386234234492,1.1812775377566633
849,403.5,253.0,79.01219248771667,60.28427064418793,1.231217622870868,1.1430826596711836
850,690.5,453.0,109.84061932563782,86.28427076339722,1.3904404673589819,1.30784175840052
851,526.0,396.5,88.08326017856598,77.01219272613525,1.1737920208625487,1.1903260066556065
852,486.0,311.5,85.2548326253891,68.52691125869751,1.1901230838956203,1.1996495604886879
853,651.0,462.0,98.91168820858002,80.76955235004425,1.1959261884619115,1.12368222807771
854,658.0,469.0,98.9116872549057,80.76955258846283,1.1832035466195931,1.1069108580740783
855,276.0,173.0,67.11269772052765,52.28427076339722,1.2986449971678504,1.257436732705371
856,679.5,486.0,99.84061968326569,84.28427112102509,1.1673879622799412,1.163180030520131
857,600.5,421.5,94.32590103149414,77.84061980247498,1.179068533010132,1.143944955889479
858,478.0,330.5,84.42640590667725,70.18376553058624,1.1866396134292168,1.1860199738803712
859,660.5,448.5,100.66904640197754,79.01219344139099,1.220981893075371,1.1076841088540077
860,763.5,551.0,107.84062016010284,89.94112479686737,1.2121206442487098,1.1683021237683575
861,332.5,192.5,70.18376553058624,52.38477575778961,1.1788860191502637,1.1344087834492254
862,15.0,4.0,16.0,8.828427076339722,1.3581221810508404,1.5505894071194193
863,176.0,51.5,53.11269783973694,28.242640614509583,1.2754815820378873,1.2325186691794838
864,510.0,351.0,89.59797894954681,72.28427064418793,1.2526114775296888,1.1845969936295488
865,713.5,503.5,105.9827561378479,85.84062016010284,1.2527562476346799,1.16459884268413
866,688.0,476.5,106.42640614509583,83.69848418235779,1.3100880693190078,1.1699368398812333
867,182.0,75.5,51.94112551212311,33.21320307254791,1.1796181883086931,1.1626920583612153
868,662.5,475.5,99.01219236850739,81.35533916950226,1.177556101958052,1.1076734207053285
869,284.5,158.5,65.35533809661865,47.2132031917572,1.1947306259736716,1.1191487189513858
870,461.5,314.0,82.66904616355896,67.94112503528595,1.1784313406246019,1.1698386236687917
871,133.0,46.5,48.28427064418793,28.727921843528748,1.3949217506381966,1.4123606342345314
872,6.0,429.0,15.656854152679443,77.25483417510986,3.251231527398552,1.1070931741919887
873,527.0,349.0,89.25483345985413,72.4264065027237,1.2029373478388692,1.1960754729571805
874,5.0,160.0,10.828427076339722,51.45584428310394,1.866168626502612,1.316859891441924
875,422.0,245.5,79.59797894954681,60.87005698680878,1.1947630054172902,1.2010084311930171
876,5.0,41.0,8.828427076339722,26.485281348228455,1.2404715256955354,1.361493150214577
877,570.5,423.0,93.8406194448471,77.25483417510986,1.2283332811925451,1.1227966234713078
878,5.0,33.0,10.828427076339722,21.656854152679443,1.866168626502612,1.1310112887894619
879,722.0,498.0,103.74011445045471,85.45584344863892,1.1861684926300204,1.1669287054652102
880,557.5,383.0,89.84061932563782,75.25483310222626,1.1521014905304887,1.1766848336579674
881,188.5,79.5,57.55634891986847,34.72792160511017,1.3985089655092755,1.2072037955562647
882,631.0,426.0,98.91168737411499,78.42640614509583,1.2338319105425022,1.1489606765388867
883,592.5,408.0,93.49747407436371,77.25483357906342,1.174090401457013,1.1640758931364728
884,185.0,57.5,55.94112491607666,30.727921843528748,1.3461107676225776,1.3067384506156514
885,448.0,269.0,82.4264065027237,62.76955187320709,1.2068265474767086,1.165563428432047
886,813.0,615.5,110.08326065540314,95.01219284534454,1.186156956088277,1.167134110374102
887,83.0,52.0,40.485281229019165,29.656854152679443,1.5714709765564852,1.3459748813605055
888,541.0,380.5,90.42640602588654,75.01219272613525,1.2027722825797411,1.17679061556823
889,558.5,412.5,91.01219248771667,79.01219236850739,1.1802285384393785,1.2043546892831922
890,623.0,431.0,95.59797894954681,77.5979791879654,1.1673457623771737,1.1117667691343016
891,665.0,484.0,99.25483357906342,83.11269783973694,1.1788860312009213,1.1357416010211405
892,488.5,332.0,86.18376541137695,73.11269783973694,1.209975279001041,1.2812611900598028
893,675.5,458.0,101.49747359752655,84.28427052497864,1.2135991038694414,1.234291455976556
894,488.5,354.0,86.18376553058624,74.28427076339722,1.2099752823483139,1.2404538249185364
895,678.5,517.0,102.18376553058624,88.28427064418793,1.2246277301670823,1.1996823233515908
896,661.5,469.5,99.15432810783386,82.32590174674988,1.1827246258085424,1.1487553107939972
897,627.0,423.0,96.91168713569641,77.25483417510986,1.191996289969441,1.1227966234713078
898,774.5,541.0,112.66904675960541,92.28427064418793,1.3043013801245817,1.2527033511989807
899,736.5,502.5,104.32590091228485,83.69848453998566,1.175984702451354,1.1094028039151809
900,632.5,451.0,95.8406194448471,79.59797954559326,1.155656669883694,1.1179379065123245
901,284.0,199.0,67.4558436870575,53.79898953437805,1.275002255089163,1.1574048476105638
902,633.0,435.5,97.740114569664,77.84062075614929,1.200969874310702,1.1071706331164617
903,805.0,602.5,109.25483334064484,95.0121921300888,1.1799825188275683,1.1923170690778517
904,711.5,480.0,109.8406194448471,86.62741661071777,1.349401468440415,1.2441124176684082
905,253.0,153.0,63.11269783973694,49.455843567848206,1.2528616190303026,1.272137143462526
906,5.0,136.0,10.828427076339722,44.28427076339722,1.866168626502612,1.1474934693630292
907,4.0,429.5,8.0,91.35533845424652,1.2732395447351628,1.5463038231847437
908,466.5,324.5,84.18376564979553,69.69848430156708,1.2089133811652757,1.1913026352292462
909,741.0,563.5,106.08326017856598,92.66904699802399,1.2085528427177012,1.2127341553440611
910,175.5,69.0,53.35533857345581,32.62741661071777,1.2908291832198773,1.2277400466880821
911,626.5,415.0,99.98275482654572,77.25483405590057,1.2697530305914226,1.1444408921991007
912,735.5,516.5,106.66904652118683,86.04163002967834,1.2310743568770552,1.140609721619918
913,744.0,519.0,107.25483286380768,87.45584392547607,1.2304130858024342,1.1727365156971967
914,214.5,86.0,57.35533809661865,40.14213538169861,1.220423404868526,1.4910514427693158
915,630.0,441.0,94.08326017856598,78.42640733718872,1.1180836658980386,1.1098804151592063
916,752.0,565.0,106.08325982093811,93.25483274459839,1.190874535127319,1.2248541646016557
917,315.5,168.5,70.18376517295837,51.21320307254791,1.2424075986457244,1.2386656925552253
918,491.5,337.0,85.01219272613525,71.59797894954681,1.1701163561008538,1.2104915489183297
919,681.5,508.0,108.18376529216766,86.62741672992706,1.3666221689164328,1.1755392955204647
920,186.5,49.0,52.52691066265106,31.313708186149597,1.1772671272859405,1.5924399196624117
921,455.0,299.5,81.94112479686737,66.04163002967834,1.1743095199691729,1.1588544080698473
922,396.5,245.0,83.01219296455383,60.28427064418793,1.3830271895808366,1.1804078077420794
923,502.0,353.0,88.42640626430511,74.42640602588654,1.23951095439661,1.2487328201431418
924,482.5,327.5,84.18376541137695,68.87005734443665,1.1688250551693398,1.1524967804661888
925,679.0,482.5,102.08326005935669,84.87005710601807,1.2213198720395615,1.1879599710181
926,5.0,162.0,10.828427076339722,48.97056257724762,1.866168626502612,1.1780000474371517
927,340.0,209.0,73.11269772052765,54.62741661071777,1.2511138638608992,1.1362271837121147
928,651.5,451.5,101.01219248771667,80.18376624584198,1.2463020553085178,1.1331966550162778
929,292.5,172.0,67.69848453998566,48.97056257724762,1.2468728238691016,1.1095116725861545
930,593.0,429.0,92.91168797016144,77.25483417510986,1.158446930001719,1.1070931741919887
931,505.0,344.5,87.25483310222626,75.01219260692596,1.199714042279043,1.2997643767794604
932,61.0,,75.94112491607666,,7.52340347014511,
933,565.0,394.0,104.91168689727783,80.7695517539978,1.5502060538354423,1.317617212461422
934,449.5,269.5,81.84061920642853,63.21320307254791,1.185763978527356,1.1799047797586362
935,225.0,106.0,57.94112515449524,39.455843687057495,1.187357409777755,1.1687104827068058
936,250.5,112.5,59.69848394393921,40.38477611541748,1.1321631371755674,1.1536470840877369
937,335.5,206.0,72.04163014888763,53.455843567848206,1.2310187683273262,1.1038582056743296
938,273.5,183.0,65.69848418235779,52.28427076339722,1.2558665821561816,1.18872434294005
939,725.0,509.5,102.56854152679443,85.84061968326569,1.1547301080917263,1.1508842213482429
940,756.5,550.5,104.66904628276825,89.35533833503723,1.152438444600194,1.1541807318130102
941,6.0,491.0,13.656854152679443,84.2842710018158,2.4736612645399165,1.1513350167692045
942,556.5,366.0,97.01219272613525,75.59797894954681,1.345790967244438,1.2425944824892121
943,311.0,173.0,70.7695517539978,48.97056257724762,1.2815118801760157,1.1030983103168703
944,482.0,302.0,85.25483322143555,66.76955258846283,1.1999996407901734,1.1747355868175606
945,405.0,216.5,77.5979791879654,56.3847758769989,1.1831394506095902,1.1685732815100969
946,563.5,416.0,91.49747359752655,76.4264063835144,1.1822638783931632,1.1173357225431204
947,342.5,194.5,75.8406194448471,56.38477599620819,1.3363902646630157,1.3007512417311575
948,479.0,327.0,85.5979790687561,72.42640614509583,1.2172552186752599,1.2765453698460925
949,489.5,346.5,87.8406194448471,73.6984840631485,1.2543773957329603,1.2473950219062893
950,625.0,434.5,98.9116872549057,79.01219296455383,1.2456766938811077,1.1433747222663033
951,463.0,329.0,84.42640590667725,70.76955211162567,1.2250836613804872,1.2113987804341018
952,745.5,529.0,105.01219236850739,86.62741661071777,1.177123253620047,1.1288732712303136
953,755.5,499.0,127.63960862159729,91.11269783973694,1.716036792339664,1.3238762858363737
954,716.0,549.0,104.08326029777527,89.94112491607666,1.2040343824599178,1.1725582366171132
955,5.5,535.0,15.071067571640015,89.94112539291382,3.2863626075628942,1.2032420163149835
956,689.0,533.0,103.25483286380768,90.76955211162567,1.2313788506511842,1.230108195423063
957,331.5,194.0,72.18376529216766,54.627416253089905,1.250793649872062,1.2240797849821414
958,255.0,117.0,61.94112479686737,41.11269807815552,1.1973141926499073,1.1496250861165977
959,640.5,454.0,97.49747335910797,79.59797978401184,1.1810212833277296,1.1105506582763065
960,787.5,597.0,106.66904652118683,93.2548336982727,1.1497843675975545,1.1592003637426112
961,645.5,453.5,96.66904675960541,79.01219356060028,1.152043191353,1.0954714979495057
962,496.0,320.0,86.08326017856598,69.25483417510986,1.1889014926164272,1.192725062542489
963,298.5,156.0,68.18376553058624,48.284270882606506,1.23938936293352,1.189260222224684
964,324.0,177.5,70.76955163478851,52.04163038730621,1.2300931894816298,1.2142093320285676
965,370.5,251.5,76.52691125869751,62.041630148887634,1.2578541688645015,1.2179193974651166
966,680.0,492.5,101.25483345985413,83.69848442077637,1.1998107551374364,1.1319287459479963
967,349.0,205.5,72.42640566825867,52.870057106018066,1.1960754453958755,1.0824251357373662
968,671.0,509.5,104.08326029777527,87.01219308376312,1.2847818447709407,1.1825136903890583
969,304.5,198.0,66.87005722522736,54.62741661071777,1.1686009330225717,1.1993509161405655
970,536.5,377.0,89.8406195640564,75.59797894954681,1.1971977341655065,1.2063384100558399
971,477.5,334.0,83.35533881187439,72.42640602588654,1.1579334564159498,1.249791420854923
972,692.0,499.5,101.25483286380768,84.87005746364594,1.179004774404689,1.1475289106043798
973,5.0,171.0,10.828427076339722,51.455843806266785,1.866168626502612,1.2321495831910696
974,595.5,419.0,94.32590103149414,77.59797930717468,1.188968352766724,1.143607348375014
975,595.0,410.0,94.91168749332428,76.4264065027237,1.2047933462137599,1.1336869805559928
976,501.0,317.0,85.59797859191895,73.94112491607666,1.1638028807371936,1.3724703808717038
977,437.5,279.0,81.84061980247498,63.59797942638397,1.218287808255437,1.1536460102840596
978,191.5,89.0,56.041630029678345,35.455843925476074,1.3050972515969685,1.1240245149485473
979,678.5,492.5,101.49747347831726,83.69848430156708,1.2082331506825668,1.1319287427236506
980,176.0,85.5,52.627416491508484,34.72792184352875,1.2522803609071422,1.1224877551402483
981,798.5,572.0,118.32590043544769,98.08326029777527,1.3953233166141936,1.3383937318179844
982,489.0,322.5,86.42640602588654,70.52691125869751,1.215553796319339,1.227354856749435
983,505.0,357.5,87.25483357906342,72.6690468788147,1.1997140553916286,1.1754739741231115
984,515.5,350.0,87.01219236850739,71.59797942638397,1.1687501752629736,1.1655304497689103
985,280.5,171.0,64.52691173553467,51.455843567848206,1.1812424095807743,1.2321495717728386
986,271.5,157.0,63.35533833503723,46.627416491508484,1.1764859121499271,1.1019786728320642
987,665.5,462.5,99.84061932563782,83.69848418235779,1.191946077665616,1.205351144223584
988,644.0,442.5,96.5685418844223,79.01219272613525,1.152326677795611,1.122703534071304
989,332.0,166.0,70.76955199241638,49.79898941516876,1.200452401867851,1.188839173514651
990,412.5,228.5,76.66904640197754,58.72792160511017,1.133982379533134,1.201138794921031
991,786.5,561.0,109.01219236850739,89.94112467765808,1.202379482669981,1.1474767709267997
992,291.5,162.0,69.0121921300888,47.79898929595947,1.3001792249243669,1.1223092662341208
993,531.0,381.0,91.5979790687561,75.45584380626678,1.2573824626100156,1.1891891017367533
994,189.0,90.0,55.11269783973694,36.97056233882904,1.2788855297837707,1.2085364109183263
995,568.0,422.0,98.08326041698456,77.5979790687561,1.3478190430647816,1.1354774313380025
996,606.5,447.0,103.1543276309967,80.76955151557922,1.3961569290649156,1.16138966139812
997,636.0,488.5,98.76955199241638,83.6984840631485,1.2206163642640322,1.1411973441461976
998,419.0,268.5,80.76955187320709,63.21320307254791,1.2390004373322687,1.1842992109681654
999,347.5,182.5,71.84061932563782,50.041630148887634,1.1818856573859255,1.0919183505588914
1000,217.0,122.0,60.76955187320709,44.28427052497864,1.354261305169753,1.2791730340408474
1001,5.0,557.5,10.828427076339722,97.84062016010284,1.866168626502612,1.3664182625878494
1002,359.5,217.0,73.69848430156708,56.97056221961975,1.202287560186522,1.1902314259095597
1003,662.0,459.0,103.94112491607666,83.31370830535889,1.2986944123455442,1.203401036625837
1004,638.5,457.0,97.49747383594513,79.59797990322113,1.1847206568059367,1.1032603946775392
1005,244.0,96.0,62.627416491508484,37.65685415267944,1.279173055090356,1.1754576196804336
1006,418.0,215.5,78.08326077461243,56.38477599620819,1.1607260644135948,1.1739959003095597
1007,5.0,324.0,16.82842707633972,68.42640578746796,4.50720365576494,1.1499860783833447
1008,473.5,318.0,81.49747347831726,69.94112479686737,1.1162422155189986,1.224131971199416
1009,193.5,73.0,56.5269113779068,36.14213538169861,1.3140735665509933,1.4239505004637085
1010,688.5,473.5,100.66904699802399,84.87005722522736,1.171326869899963,1.2105399949872255
1011,527.0,364.5,88.42640614509583,73.01219236850739,1.1807106213081717,1.1638134771608144
1012,749.0,567.0,106.08326017856598,89.94112479686737,1.195644401139942,1.1353341626038183
1013,433.0,267.5,81.5979790687561,62.041629910469055,1.2236607929337369,1.1450718733019678
1014,192.5,86.5,54.52691102027893,35.21320331096649,1.2290829464062454,1.1407358672654315
1015,5.0,416.0,10.828427076339722,76.42640686035156,1.866168626502612,1.11733573648561
1016,194.5,70.0,55.6984840631485,36.97056245803833,1.26927954346986,1.5538325383440361
1017,655.5,505.0,101.84061980247498,86.6274163722992,1.2590979229221964,1.1825226875123083
1018,2.0,367.0,6.0,76.42640566825867,1.432394487827058,1.2665167626098763
1019,434.0,250.5,81.94112491607666,62.72792172431946,1.2311309519369171,1.2499832792741643
1020,601.5,455.0,96.32590067386627,79.59797966480255,1.2275541567707156,1.108109884279672
1021,5.0,168.0,10.828427076339722,52.28427076339722,1.866168626502612,1.2948604449882688
1022,625.0,433.0,98.56854152679443,77.25483465194702,1.2370486501637983,1.0968659990561411
1023,256.0,129.0,61.94112467765808,43.31370830535889,1.1926371794942696,1.1573138769008446
1024,397.5,273.0,78.87005722522736,62.627416491508484,1.245309539207003,1.1432902030844205
1025,339.5,209.5,71.69848430156708,56.870057225227356,1.2049535541186707,1.2284951300125988
1026,614.5,414.5,95.15432810783386,79.01219296455383,1.1725337245367229,1.1985435870318668
1027,331.0,194.0,71.11269783973694,53.79898953437805,1.2157840799337818,1.1872348694561972
1028,631.5,455.5,97.8406195640564,81.35533893108368,1.2062995599543926,1.1563089098975086
1029,684.5,491.5,100.66904652118683,83.6984840631485,1.1781717199214767,1.1342317448940336
1030,385.5,212.5,77.01219260692596,55.55634891986847,1.2242912066869391,1.1558423294627969
1031,535.0,395.0,88.91168761253357,77.25483345985413,1.1758557875312252,1.2023872479340365
1032,569.0,437.0,91.25483345985413,79.25483393669128,1.1646344254432817,1.1438266729533408
1033,666.5,447.0,98.32590079307556,79.59797990322113,1.1543190150477587,1.1279418352743524
1034,430.5,280.0,80.66904723644257,63.59797942638397,1.2029036299275582,1.1495258459616164
1035,643.5,460.5,97.49747431278229,81.35533797740936,1.175515379595603,1.143753954636353
